driver_name,driver_id,category,issue,action,priority,potential_gain,estimated_new_lap,current_best_lap,confidence,impact_score,skill_level
GR86-010-16,16,Threshold Braking Development,Peak brake pressure of 9.5% is below GR86 threshold capability (90%+ with race ABS and Alcon brakes).,Critical: Increase peak braking force by 15% at Turn 1/2 chicane. The GR86 race ABS allows 90-95% pressure without lock-up. Build confidence progressively.,HIGH,0.35-0.60s,99.635s,100.110s,High,0.475,Intermediate
GR86-010-16,16,Full Throttle Utilization,Only 0.0% of lap at full throttle. GR86 requires 55%+ due to lower power output.,Critical: Reach 100% throttle 55% earlier. Focus on Turn 2 exit and Turn 5 exit. Every meter earlier = 0.05s gained on main straight.,HIGH,0.38-0.64s,99.600s,100.110s,High,0.510,Intermediate
GR86-010-16,16,Throttle Application Timing,Throttle application 10.1% below best lap average.,"Apply throttle at apex of Turn 3 and Turn 4. Target: 50% at apex, 75% at mid-exit, 100% at track-out. Current: 64.6%, Target: 74.7%.",HIGH,0.21-0.35s,99.830s,100.110s,High,0.280,Intermediate
GR86-010-16,16,Throttle Consistency,Throttle variance of ±19.1% indicates inconsistent corner exits.,Standardize throttle application points. Use apex curbing as reference for initial 50% application. Smooth progression is critical.,MEDIUM,0.35-0.60s,99.635s,100.110s,MEDIUM,0.285,Intermediate
GR86-010-16,16,Traction Management,Longitudinal acceleration of 0.01g is below GR86 capability on slicks.,"The GR86 torque curve allows aggressive application from 3700 RPM. If losing traction at Turn 2 exit, reduce initial rate by 10%. If no traction loss, increase aggression by 20%.",MEDIUM,0.25-0.40s,99.785s,100.110s,Medium,0.195,Intermediate
GR86-010-16,16,Average Speed Optimization,Average speed 12.7 km/h below your best lap (127.0 vs 139.7 km/h),Focus on minimum corner speeds. Every 1 km/h gained through corners = 0.08s per lap. Target: 139.7 km/h average.,HIGH,4.41-6.61s,94.599s,100.110s,High,5.511,Intermediate
GR86-010-16,16,Maximum Speed Development,Top speed of 139.8 km/h suggests exit speed or straight-line issues,Focus on corner exit acceleration. Better exits = higher top speeds. Also check if you're short-shifting.,MEDIUM,0.20-0.40s,99.810s,100.110s,Medium,0.180,Intermediate
GR86-010-16,16,Shift Point Optimization,Shifting at 6433 RPM. GR86 optimal shift point is 7100 RPM.,Shift 667 RPM later on main straight and Turn 2 exit. Use shift light as reference. Power curve remains strong to 7100 RPM.,MEDIUM,0.20-0.35s,99.835s,100.110s,Medium,0.165,Intermediate
GR86-010-16,16,Cornering Speed Development,Lateral G-force of 0.20g is 0.80g below GR86 capability on slicks (1.0g threshold).,Critical: Increase corner entry speed by 5 km/h at Turn 3 and Turn 4. Build confidence progressively over 3 sessions. The GR86 on slicks can sustain 1.0g+ in steady-state cornering.,HIGH,0.25-0.40s,99.785s,100.110s,High,0.325,Intermediate
GR86-010-16,16,Corner Exit Acceleration,Exit acceleration of 0.01g is below GR86 potential.,"Critical: Apply 50% throttle at Turn 2 apex, building to 100% by track-out. The GR86 requires aggressive exits to compensate for lower power. Every 0.1g improvement = 0.15s per lap.",HIGH,0.25-0.38s,99.797s,100.110s,High,0.312,Intermediate
GR86-010-16,16,Apex Consistency,Combined throttle (±19.1%) and speed (±19.9 km/h) variance indicates inconsistent apex positioning.,Standardize apex points at Turn 3 and Turn 4. Use inside curbing as reference. Consistent apex = consistent exit = consistent lap times.,MEDIUM,0.35-0.60s,99.635s,100.110s,MEDIUM,0.285,Intermediate
GR86-010-16,16,Overall Consistency,"Input variance (Speed: ±19.9 km/h, Throttle: ±19.1%) is the primary performance limiter.","Mandatory: Establish 3 reference points per corner - brake marker (100m board), turn-in point (apex curbing), throttle point (track-out). Consistency is the foundation of speed. All other improvements are meaningless without this.",HIGH,0.25-0.45s,99.760s,100.110s,High,0.350,Intermediate
GR86-010-16,16,Input Smoothness,"Abrupt input changes detected (Throttle: ±19.1%, Brake: ±2.0%).",Practice progressive inputs. Throttle: 0% to 100% over 1.5 seconds. Brake: 100% to 0% over 1.0 second. Smooth inputs = predictable car behavior.,MEDIUM,0.30-0.50s,99.710s,100.110s,Medium,0.240,Intermediate
GR86-010-16,16,Weight Transfer Optimization,"G-force profile (Longitudinal: 0.01g, Lateral: 0.20g) suggests conservative weight transfer.","Opportunity: Brake harder initially at Turn 1 to load front, then smoothly transition to throttle to shift weight rear. This improves rotation and exit traction.",MEDIUM,0.25-0.40s,99.785s,100.110s,Medium,0.195,Intermediate
GR86-016-55,55,Threshold Braking Development,Peak brake pressure of 7.3% is below GR86 threshold capability (90%+ with race ABS and Alcon brakes).,Critical: Increase peak braking force by 15% at Turn 1/2 chicane. The GR86 race ABS allows 90-95% pressure without lock-up. Build confidence progressively.,HIGH,0.24-0.42s,97.746s,98.078s,High,0.332,Advanced
GR86-016-55,55,Full Throttle Utilization,Only 0.0% of lap at full throttle. GR86 requires 55%+ due to lower power output.,Critical: Reach 100% throttle 55% earlier. Focus on Turn 2 exit and Turn 5 exit. Every meter earlier = 0.05s gained on main straight.,HIGH,0.27-0.45s,97.721s,98.078s,High,0.357,Advanced
GR86-016-55,55,Throttle Application Timing,Throttle application 10.9% below best lap average.,"Apply throttle at apex of Turn 3 and Turn 4. Target: 50% at apex, 75% at mid-exit, 100% at track-out. Current: 64.7%, Target: 75.6%.",HIGH,0.15-0.24s,97.882s,98.078s,High,0.196,Advanced
GR86-016-55,55,Throttle Consistency,Throttle variance of ±22.5% indicates inconsistent corner exits.,Standardize throttle application points. Use apex curbing as reference for initial 50% application. Smooth progression is critical.,MEDIUM,0.24-0.42s,97.746s,98.078s,MEDIUM,0.199,Advanced
GR86-016-55,55,Traction Management,Longitudinal acceleration of 0.02g is below GR86 capability on slicks.,"The GR86 torque curve allows aggressive application from 3700 RPM. If losing traction at Turn 2 exit, reduce initial rate by 10%. If no traction loss, increase aggression by 20%.",MEDIUM,0.17-0.28s,97.850s,98.078s,Medium,0.136,Advanced
GR86-016-55,55,Average Speed Optimization,Average speed 12.4 km/h below your best lap (126.3 vs 138.7 km/h),Focus on minimum corner speeds. Every 1 km/h gained through corners = 0.08s per lap. Target: 138.7 km/h average.,HIGH,2.96-4.45s,94.372s,98.078s,High,3.706,Advanced
GR86-016-55,55,Speed Consistency,Speed varies by ±21.0 km/h - indicates inconsistent corner speeds,Use reference points for corner entry speeds. Aim for same speed at turn-in point every lap (±2 km/h tolerance).,MEDIUM,0.24-0.42s,97.746s,98.078s,Medium,0.199,Advanced
GR86-016-55,55,Maximum Speed Development,Top speed of 140.1 km/h suggests exit speed or straight-line issues,Focus on corner exit acceleration. Better exits = higher top speeds. Also check if you're short-shifting.,MEDIUM,0.14-0.28s,97.868s,98.078s,Medium,0.126,Advanced
GR86-016-55,55,Shift Point Optimization,Shifting at 6536 RPM. GR86 optimal shift point is 7100 RPM.,Shift 564 RPM later on main straight and Turn 2 exit. Use shift light as reference. Power curve remains strong to 7100 RPM.,MEDIUM,0.14-0.24s,97.886s,98.078s,Medium,0.115,Advanced
GR86-016-55,55,Cornering Speed Development,Lateral G-force of 0.17g is 0.83g below GR86 capability on slicks (1.0g threshold).,Critical: Increase corner entry speed by 5 km/h at Turn 3 and Turn 4. Build confidence progressively over 3 sessions. The GR86 on slicks can sustain 1.0g+ in steady-state cornering.,HIGH,0.17-0.28s,97.850s,98.078s,High,0.227,Advanced
GR86-016-55,55,Corner Exit Acceleration,Exit acceleration of 0.02g is below GR86 potential.,"Critical: Apply 50% throttle at Turn 2 apex, building to 100% by track-out. The GR86 requires aggressive exits to compensate for lower power. Every 0.1g improvement = 0.15s per lap.",HIGH,0.17-0.26s,97.859s,98.078s,High,0.219,Advanced
GR86-016-55,55,Apex Consistency,Combined throttle (±22.5%) and speed (±21.0 km/h) variance indicates inconsistent apex positioning.,Standardize apex points at Turn 3 and Turn 4. Use inside curbing as reference. Consistent apex = consistent exit = consistent lap times.,MEDIUM,0.24-0.42s,97.746s,98.078s,MEDIUM,0.199,Advanced
GR86-016-55,55,Overall Consistency,"Input variance (Speed: ±21.0 km/h, Throttle: ±22.5%) is the primary performance limiter.","Mandatory: Establish 3 reference points per corner - brake marker (100m board), turn-in point (apex curbing), throttle point (track-out). Consistency is the foundation of speed. All other improvements are meaningless without this.",HIGH,0.17-0.32s,97.833s,98.078s,High,0.245,Advanced
GR86-016-55,55,Input Smoothness,"Abrupt input changes detected (Throttle: ±22.5%, Brake: ±1.8%).",Practice progressive inputs. Throttle: 0% to 100% over 1.5 seconds. Brake: 100% to 0% over 1.0 second. Smooth inputs = predictable car behavior.,MEDIUM,0.21-0.35s,97.798s,98.078s,Medium,0.168,Advanced
GR86-016-55,55,Weight Transfer Optimization,"G-force profile (Longitudinal: 0.02g, Lateral: 0.17g) suggests conservative weight transfer.","Opportunity: Brake harder initially at Turn 1 to load front, then smoothly transition to throttle to shift weight rear. This improves rotation and exit traction.",MEDIUM,0.17-0.28s,97.850s,98.078s,Medium,0.136,Advanced
GR86-022-13,13,Threshold Braking Development,Peak brake pressure of 8.5% is below GR86 threshold capability (90%+ with race ABS and Alcon brakes).,Critical: Increase peak braking force by 15% at Turn 1/2 chicane. The GR86 race ABS allows 90-95% pressure without lock-up. Build confidence progressively.,HIGH,0.35-0.60s,99.626s,100.101s,High,0.475,Intermediate
GR86-022-13,13,Full Throttle Utilization,Only 0.0% of lap at full throttle. GR86 requires 55%+ due to lower power output.,Critical: Reach 100% throttle 55% earlier. Focus on Turn 2 exit and Turn 5 exit. Every meter earlier = 0.05s gained on main straight.,HIGH,0.38-0.64s,99.591s,100.101s,High,0.510,Intermediate
GR86-022-13,13,Throttle Application Timing,Throttle application 9.2% below best lap average.,"Apply throttle at apex of Turn 3 and Turn 4. Target: 50% at apex, 75% at mid-exit, 100% at track-out. Current: 67.3%, Target: 76.5%.",HIGH,0.21-0.35s,99.821s,100.101s,High,0.280,Intermediate
GR86-022-13,13,Throttle Consistency,Throttle variance of ±19.3% indicates inconsistent corner exits.,Standardize throttle application points. Use apex curbing as reference for initial 50% application. Smooth progression is critical.,MEDIUM,0.35-0.60s,99.626s,100.101s,MEDIUM,0.285,Intermediate
GR86-022-13,13,Traction Management,Longitudinal acceleration of 0.03g is below GR86 capability on slicks.,"The GR86 torque curve allows aggressive application from 3700 RPM. If losing traction at Turn 2 exit, reduce initial rate by 10%. If no traction loss, increase aggression by 20%.",MEDIUM,0.25-0.40s,99.776s,100.101s,Medium,0.195,Intermediate
GR86-022-13,13,Average Speed Optimization,Average speed 10.3 km/h below your best lap (129.4 vs 139.7 km/h),Focus on minimum corner speeds. Every 1 km/h gained through corners = 0.08s per lap. Target: 139.7 km/h average.,HIGH,3.50-5.25s,95.730s,100.101s,High,4.371,Intermediate
GR86-022-13,13,Maximum Speed Development,Top speed of 139.7 km/h suggests exit speed or straight-line issues,Focus on corner exit acceleration. Better exits = higher top speeds. Also check if you're short-shifting.,MEDIUM,0.20-0.40s,99.801s,100.101s,Medium,0.180,Intermediate
GR86-022-13,13,Shift Point Optimization,Shifting at 6477 RPM. GR86 optimal shift point is 7100 RPM.,Shift 623 RPM later on main straight and Turn 2 exit. Use shift light as reference. Power curve remains strong to 7100 RPM.,MEDIUM,0.20-0.35s,99.826s,100.101s,Medium,0.165,Intermediate
GR86-022-13,13,Cornering Speed Development,Lateral G-force of 0.20g is 0.80g below GR86 capability on slicks (1.0g threshold).,Critical: Increase corner entry speed by 5 km/h at Turn 3 and Turn 4. Build confidence progressively over 3 sessions. The GR86 on slicks can sustain 1.0g+ in steady-state cornering.,HIGH,0.25-0.40s,99.776s,100.101s,High,0.325,Intermediate
GR86-022-13,13,Corner Exit Acceleration,Exit acceleration of 0.03g is below GR86 potential.,"Critical: Apply 50% throttle at Turn 2 apex, building to 100% by track-out. The GR86 requires aggressive exits to compensate for lower power. Every 0.1g improvement = 0.15s per lap.",HIGH,0.25-0.38s,99.788s,100.101s,High,0.312,Intermediate
GR86-022-13,13,Apex Consistency,Combined throttle (±19.3%) and speed (±17.8 km/h) variance indicates inconsistent apex positioning.,Standardize apex points at Turn 3 and Turn 4. Use inside curbing as reference. Consistent apex = consistent exit = consistent lap times.,MEDIUM,0.35-0.60s,99.626s,100.101s,MEDIUM,0.285,Intermediate
GR86-022-13,13,Overall Consistency,"Input variance (Speed: ±17.8 km/h, Throttle: ±19.3%) is the primary performance limiter.","Mandatory: Establish 3 reference points per corner - brake marker (100m board), turn-in point (apex curbing), throttle point (track-out). Consistency is the foundation of speed. All other improvements are meaningless without this.",HIGH,0.25-0.45s,99.751s,100.101s,High,0.350,Intermediate
GR86-022-13,13,Input Smoothness,"Abrupt input changes detected (Throttle: ±19.3%, Brake: ±1.8%).",Practice progressive inputs. Throttle: 0% to 100% over 1.5 seconds. Brake: 100% to 0% over 1.0 second. Smooth inputs = predictable car behavior.,MEDIUM,0.30-0.50s,99.701s,100.101s,Medium,0.240,Intermediate
GR86-022-13,13,Weight Transfer Optimization,"G-force profile (Longitudinal: 0.03g, Lateral: 0.20g) suggests conservative weight transfer.","Opportunity: Brake harder initially at Turn 1 to load front, then smoothly transition to throttle to shift weight rear. This improves rotation and exit traction.",MEDIUM,0.25-0.40s,99.776s,100.101s,Medium,0.195,Intermediate
GR86-002-000,0,Threshold Braking Development,Peak brake pressure of 10.1% is below GR86 threshold capability (90%+ with race ABS and Alcon brakes).,Critical: Increase peak braking force by 15% at Turn 1/2 chicane. The GR86 race ABS allows 90-95% pressure without lock-up. Build confidence progressively.,HIGH,0.35-0.60s,99.886s,100.361s,High,0.475,Intermediate
GR86-002-000,0,Full Throttle Utilization,Only 0.0% of lap at full throttle. GR86 requires 55%+ due to lower power output.,Critical: Reach 100% throttle 55% earlier. Focus on Turn 2 exit and Turn 5 exit. Every meter earlier = 0.05s gained on main straight.,HIGH,0.38-0.64s,99.851s,100.361s,High,0.510,Intermediate
GR86-002-000,0,Throttle Application Timing,Throttle application 14.0% below best lap average.,"Apply throttle at apex of Turn 3 and Turn 4. Target: 50% at apex, 75% at mid-exit, 100% at track-out. Current: 64.5%, Target: 78.5%.",HIGH,0.21-0.35s,100.081s,100.361s,High,0.280,Intermediate
GR86-002-000,0,Throttle Consistency,Throttle variance of ±21.5% indicates inconsistent corner exits.,Standardize throttle application points. Use apex curbing as reference for initial 50% application. Smooth progression is critical.,MEDIUM,0.35-0.60s,99.886s,100.361s,MEDIUM,0.285,Intermediate
GR86-002-000,0,Traction Management,Longitudinal acceleration of 0.01g is below GR86 capability on slicks.,"The GR86 torque curve allows aggressive application from 3700 RPM. If losing traction at Turn 2 exit, reduce initial rate by 10%. If no traction loss, increase aggression by 20%.",MEDIUM,0.25-0.40s,100.036s,100.361s,Medium,0.195,Intermediate
GR86-002-000,0,Average Speed Optimization,Average speed 11.7 km/h below your best lap (126.8 vs 138.5 km/h),Focus on minimum corner speeds. Every 1 km/h gained through corners = 0.08s per lap. Target: 138.5 km/h average.,HIGH,4.08-6.12s,95.262s,100.361s,High,5.099,Intermediate
GR86-002-000,0,Maximum Speed Development,Top speed of 139.3 km/h suggests exit speed or straight-line issues,Focus on corner exit acceleration. Better exits = higher top speeds. Also check if you're short-shifting.,MEDIUM,0.20-0.40s,100.061s,100.361s,Medium,0.180,Intermediate
GR86-002-000,0,Shift Point Optimization,Shifting at 6556 RPM. GR86 optimal shift point is 7100 RPM.,Shift 544 RPM later on main straight and Turn 2 exit. Use shift light as reference. Power curve remains strong to 7100 RPM.,MEDIUM,0.20-0.35s,100.086s,100.361s,Medium,0.165,Intermediate
GR86-002-000,0,Cornering Speed Development,Lateral G-force of 0.19g is 0.81g below GR86 capability on slicks (1.0g threshold).,Critical: Increase corner entry speed by 5 km/h at Turn 3 and Turn 4. Build confidence progressively over 3 sessions. The GR86 on slicks can sustain 1.0g+ in steady-state cornering.,HIGH,0.25-0.40s,100.036s,100.361s,High,0.325,Intermediate
GR86-002-000,0,Corner Exit Acceleration,Exit acceleration of 0.01g is below GR86 potential.,"Critical: Apply 50% throttle at Turn 2 apex, building to 100% by track-out. The GR86 requires aggressive exits to compensate for lower power. Every 0.1g improvement = 0.15s per lap.",HIGH,0.25-0.38s,100.049s,100.361s,High,0.312,Intermediate
GR86-002-000,0,Apex Consistency,Combined throttle (±21.5%) and speed (±19.0 km/h) variance indicates inconsistent apex positioning.,Standardize apex points at Turn 3 and Turn 4. Use inside curbing as reference. Consistent apex = consistent exit = consistent lap times.,MEDIUM,0.35-0.60s,99.886s,100.361s,MEDIUM,0.285,Intermediate
GR86-002-000,0,Overall Consistency,"Input variance (Speed: ±19.0 km/h, Throttle: ±21.5%) is the primary performance limiter.","Mandatory: Establish 3 reference points per corner - brake marker (100m board), turn-in point (apex curbing), throttle point (track-out). Consistency is the foundation of speed. All other improvements are meaningless without this.",HIGH,0.25-0.45s,100.011s,100.361s,High,0.350,Intermediate
GR86-002-000,0,Input Smoothness,"Abrupt input changes detected (Throttle: ±21.5%, Brake: ±2.8%).",Practice progressive inputs. Throttle: 0% to 100% over 1.5 seconds. Brake: 100% to 0% over 1.0 second. Smooth inputs = predictable car behavior.,MEDIUM,0.30-0.50s,99.961s,100.361s,Medium,0.240,Intermediate
GR86-002-000,0,Weight Transfer Optimization,"G-force profile (Longitudinal: 0.01g, Lateral: 0.19g) suggests conservative weight transfer.","Opportunity: Brake harder initially at Turn 1 to load front, then smoothly transition to throttle to shift weight rear. This improves rotation and exit traction.",MEDIUM,0.25-0.40s,100.036s,100.361s,Medium,0.195,Intermediate
GR86-036-98,98,Threshold Braking Development,Peak brake pressure of 9.1% is below GR86 threshold capability (90%+ with race ABS and Alcon brakes).,Critical: Increase peak braking force by 15% at Turn 1/2 chicane. The GR86 race ABS allows 90-95% pressure without lock-up. Build confidence progressively.,HIGH,0.35-0.60s,99.623s,100.098s,High,0.475,Intermediate
GR86-036-98,98,Full Throttle Utilization,Only 0.0% of lap at full throttle. GR86 requires 55%+ due to lower power output.,Critical: Reach 100% throttle 55% earlier. Focus on Turn 2 exit and Turn 5 exit. Every meter earlier = 0.05s gained on main straight.,HIGH,0.38-0.64s,99.588s,100.098s,High,0.510,Intermediate
GR86-036-98,98,Throttle Application Timing,Throttle application 10.7% below best lap average.,"Apply throttle at apex of Turn 3 and Turn 4. Target: 50% at apex, 75% at mid-exit, 100% at track-out. Current: 65.5%, Target: 76.1%.",HIGH,0.21-0.35s,99.818s,100.098s,High,0.280,Intermediate
GR86-036-98,98,Throttle Consistency,Throttle variance of ±18.9% indicates inconsistent corner exits.,Standardize throttle application points. Use apex curbing as reference for initial 50% application. Smooth progression is critical.,MEDIUM,0.35-0.60s,99.623s,100.098s,MEDIUM,0.285,Intermediate
GR86-036-98,98,Traction Management,Longitudinal acceleration of 0.01g is below GR86 capability on slicks.,"The GR86 torque curve allows aggressive application from 3700 RPM. If losing traction at Turn 2 exit, reduce initial rate by 10%. If no traction loss, increase aggression by 20%.",MEDIUM,0.25-0.40s,99.773s,100.098s,Medium,0.195,Intermediate
GR86-036-98,98,Average Speed Optimization,Average speed 10.9 km/h below your best lap (128.5 vs 139.4 km/h),Focus on minimum corner speeds. Every 1 km/h gained through corners = 0.08s per lap. Target: 139.4 km/h average.,HIGH,3.74-5.61s,95.423s,100.098s,High,4.675,Intermediate
GR86-036-98,98,Maximum Speed Development,Top speed of 139.4 km/h suggests exit speed or straight-line issues,Focus on corner exit acceleration. Better exits = higher top speeds. Also check if you're short-shifting.,MEDIUM,0.20-0.40s,99.798s,100.098s,Medium,0.180,Intermediate
GR86-036-98,98,Shift Point Optimization,Shifting at 6336 RPM. GR86 optimal shift point is 7100 RPM.,Shift 764 RPM later on main straight and Turn 2 exit. Use shift light as reference. Power curve remains strong to 7100 RPM.,MEDIUM,0.20-0.35s,99.823s,100.098s,Medium,0.165,Intermediate
GR86-036-98,98,Cornering Speed Development,Lateral G-force of 0.19g is 0.81g below GR86 capability on slicks (1.0g threshold).,Critical: Increase corner entry speed by 5 km/h at Turn 3 and Turn 4. Build confidence progressively over 3 sessions. The GR86 on slicks can sustain 1.0g+ in steady-state cornering.,HIGH,0.25-0.40s,99.773s,100.098s,High,0.325,Intermediate
GR86-036-98,98,Corner Exit Acceleration,Exit acceleration of 0.01g is below GR86 potential.,"Critical: Apply 50% throttle at Turn 2 apex, building to 100% by track-out. The GR86 requires aggressive exits to compensate for lower power. Every 0.1g improvement = 0.15s per lap.",HIGH,0.25-0.38s,99.785s,100.098s,High,0.312,Intermediate
GR86-036-98,98,Apex Consistency,Combined throttle (±18.9%) and speed (±18.0 km/h) variance indicates inconsistent apex positioning.,Standardize apex points at Turn 3 and Turn 4. Use inside curbing as reference. Consistent apex = consistent exit = consistent lap times.,MEDIUM,0.35-0.60s,99.623s,100.098s,MEDIUM,0.285,Intermediate
GR86-036-98,98,Overall Consistency,"Input variance (Speed: ±18.0 km/h, Throttle: ±18.9%) is the primary performance limiter.","Mandatory: Establish 3 reference points per corner - brake marker (100m board), turn-in point (apex curbing), throttle point (track-out). Consistency is the foundation of speed. All other improvements are meaningless without this.",HIGH,0.25-0.45s,99.748s,100.098s,High,0.350,Intermediate
GR86-036-98,98,Input Smoothness,"Abrupt input changes detected (Throttle: ±18.9%, Brake: ±2.4%).",Practice progressive inputs. Throttle: 0% to 100% over 1.5 seconds. Brake: 100% to 0% over 1.0 second. Smooth inputs = predictable car behavior.,MEDIUM,0.30-0.50s,99.698s,100.098s,Medium,0.240,Intermediate
GR86-036-98,98,Weight Transfer Optimization,"G-force profile (Longitudinal: 0.01g, Lateral: 0.19g) suggests conservative weight transfer.","Opportunity: Brake harder initially at Turn 1 to load front, then smoothly transition to throttle to shift weight rear. This improves rotation and exit traction.",MEDIUM,0.25-0.40s,99.773s,100.098s,Medium,0.195,Intermediate
GR86-065-5,5,Threshold Braking Development,Peak brake pressure of 8.9% is below GR86 threshold capability (90%+ with race ABS and Alcon brakes).,Critical: Increase peak braking force by 15% at Turn 1/2 chicane. The GR86 race ABS allows 90-95% pressure without lock-up. Build confidence progressively.,HIGH,0.35-0.60s,100.476s,100.951s,High,0.475,Intermediate
GR86-065-5,5,Full Throttle Utilization,Only 0.0% of lap at full throttle. GR86 requires 55%+ due to lower power output.,Critical: Reach 100% throttle 55% earlier. Focus on Turn 2 exit and Turn 5 exit. Every meter earlier = 0.05s gained on main straight.,HIGH,0.38-0.64s,100.441s,100.951s,High,0.510,Intermediate
GR86-065-5,5,Throttle Application Timing,Throttle application 6.3% below best lap average.,"Apply throttle at apex of Turn 3 and Turn 4. Target: 50% at apex, 75% at mid-exit, 100% at track-out. Current: 67.1%, Target: 73.5%.",HIGH,0.21-0.35s,100.671s,100.951s,High,0.280,Intermediate
GR86-065-5,5,Throttle Consistency,Throttle variance of ±15.1% indicates inconsistent corner exits.,Standardize throttle application points. Use apex curbing as reference for initial 50% application. Smooth progression is critical.,MEDIUM,0.35-0.60s,100.476s,100.951s,MEDIUM,0.285,Intermediate
GR86-065-5,5,Traction Management,Longitudinal acceleration of 0.01g is below GR86 capability on slicks.,"The GR86 torque curve allows aggressive application from 3700 RPM. If losing traction at Turn 2 exit, reduce initial rate by 10%. If no traction loss, increase aggression by 20%.",MEDIUM,0.25-0.40s,100.626s,100.951s,Medium,0.195,Intermediate
GR86-065-5,5,Average Speed Optimization,Average speed 9.4 km/h below your best lap (129.4 vs 138.7 km/h),Focus on minimum corner speeds. Every 1 km/h gained through corners = 0.08s per lap. Target: 138.7 km/h average.,HIGH,3.22-4.83s,96.923s,100.951s,High,4.028,Intermediate
GR86-065-5,5,Maximum Speed Development,Top speed of 138.9 km/h suggests exit speed or straight-line issues,Focus on corner exit acceleration. Better exits = higher top speeds. Also check if you're short-shifting.,MEDIUM,0.20-0.40s,100.651s,100.951s,Medium,0.180,Intermediate
GR86-065-5,5,Shift Point Optimization,Shifting at 6301 RPM. GR86 optimal shift point is 7100 RPM.,Shift 799 RPM later on main straight and Turn 2 exit. Use shift light as reference. Power curve remains strong to 7100 RPM.,MEDIUM,0.20-0.35s,100.676s,100.951s,Medium,0.165,Intermediate
GR86-065-5,5,Cornering Speed Development,Lateral G-force of 0.20g is 0.80g below GR86 capability on slicks (1.0g threshold).,Critical: Increase corner entry speed by 5 km/h at Turn 3 and Turn 4. Build confidence progressively over 3 sessions. The GR86 on slicks can sustain 1.0g+ in steady-state cornering.,HIGH,0.25-0.40s,100.626s,100.951s,High,0.325,Intermediate
GR86-065-5,5,Corner Exit Acceleration,Exit acceleration of 0.01g is below GR86 potential.,"Critical: Apply 50% throttle at Turn 2 apex, building to 100% by track-out. The GR86 requires aggressive exits to compensate for lower power. Every 0.1g improvement = 0.15s per lap.",HIGH,0.25-0.38s,100.638s,100.951s,High,0.312,Intermediate
GR86-065-5,5,Apex Consistency,Combined throttle (±15.1%) and speed (±16.0 km/h) variance indicates inconsistent apex positioning.,Standardize apex points at Turn 3 and Turn 4. Use inside curbing as reference. Consistent apex = consistent exit = consistent lap times.,MEDIUM,0.35-0.60s,100.476s,100.951s,MEDIUM,0.285,Intermediate
GR86-065-5,5,Overall Consistency,"Input variance (Speed: ±16.0 km/h, Throttle: ±15.1%) is the primary performance limiter.","Mandatory: Establish 3 reference points per corner - brake marker (100m board), turn-in point (apex curbing), throttle point (track-out). Consistency is the foundation of speed. All other improvements are meaningless without this.",HIGH,0.25-0.45s,100.601s,100.951s,High,0.350,Intermediate
GR86-065-5,5,Weight Transfer Optimization,"G-force profile (Longitudinal: 0.01g, Lateral: 0.20g) suggests conservative weight transfer.","Opportunity: Brake harder initially at Turn 1 to load front, then smoothly transition to throttle to shift weight rear. This improves rotation and exit traction.",MEDIUM,0.25-0.40s,100.626s,100.951s,Medium,0.195,Intermediate
GR86-060-2,2,Threshold Braking Development,Peak brake pressure of 9.6% is below GR86 threshold capability (90%+ with race ABS and Alcon brakes).,Critical: Increase peak braking force by 15% at Turn 1/2 chicane. The GR86 race ABS allows 90-95% pressure without lock-up. Build confidence progressively.,HIGH,0.35-0.60s,100.912s,101.387s,High,0.475,Intermediate
GR86-060-2,2,Full Throttle Utilization,Only 0.0% of lap at full throttle. GR86 requires 55%+ due to lower power output.,Critical: Reach 100% throttle 55% earlier. Focus on Turn 2 exit and Turn 5 exit. Every meter earlier = 0.05s gained on main straight.,HIGH,0.38-0.64s,100.877s,101.387s,High,0.510,Intermediate
GR86-060-2,2,Throttle Application Timing,Throttle application 11.3% below best lap average.,"Apply throttle at apex of Turn 3 and Turn 4. Target: 50% at apex, 75% at mid-exit, 100% at track-out. Current: 63.2%, Target: 74.4%.",HIGH,0.21-0.35s,101.107s,101.387s,High,0.280,Intermediate
GR86-060-2,2,Throttle Consistency,Throttle variance of ±21.0% indicates inconsistent corner exits.,Standardize throttle application points. Use apex curbing as reference for initial 50% application. Smooth progression is critical.,MEDIUM,0.35-0.60s,100.912s,101.387s,MEDIUM,0.285,Intermediate
GR86-060-2,2,Traction Management,Longitudinal acceleration of 0.00g is below GR86 capability on slicks.,"The GR86 torque curve allows aggressive application from 3700 RPM. If losing traction at Turn 2 exit, reduce initial rate by 10%. If no traction loss, increase aggression by 20%.",MEDIUM,0.25-0.40s,101.062s,101.387s,Medium,0.195,Intermediate
GR86-060-2,2,Average Speed Optimization,Average speed 11.5 km/h below your best lap (126.1 vs 137.6 km/h),Focus on minimum corner speeds. Every 1 km/h gained through corners = 0.08s per lap. Target: 137.6 km/h average.,HIGH,4.05-6.08s,96.321s,101.387s,High,5.066,Intermediate
GR86-060-2,2,Maximum Speed Development,Top speed of 138.0 km/h suggests exit speed or straight-line issues,Focus on corner exit acceleration. Better exits = higher top speeds. Also check if you're short-shifting.,MEDIUM,0.20-0.40s,101.087s,101.387s,Medium,0.180,Intermediate
GR86-060-2,2,Shift Point Optimization,Shifting at 6580 RPM. GR86 optimal shift point is 7100 RPM.,Shift 520 RPM later on main straight and Turn 2 exit. Use shift light as reference. Power curve remains strong to 7100 RPM.,MEDIUM,0.20-0.35s,101.112s,101.387s,Medium,0.165,Intermediate
GR86-060-2,2,Cornering Speed Development,Lateral G-force of 0.20g is 0.80g below GR86 capability on slicks (1.0g threshold).,Critical: Increase corner entry speed by 5 km/h at Turn 3 and Turn 4. Build confidence progressively over 3 sessions. The GR86 on slicks can sustain 1.0g+ in steady-state cornering.,HIGH,0.25-0.40s,101.062s,101.387s,High,0.325,Intermediate
GR86-060-2,2,Corner Exit Acceleration,Exit acceleration of 0.00g is below GR86 potential.,"Critical: Apply 50% throttle at Turn 2 apex, building to 100% by track-out. The GR86 requires aggressive exits to compensate for lower power. Every 0.1g improvement = 0.15s per lap.",HIGH,0.25-0.38s,101.075s,101.387s,High,0.312,Intermediate
GR86-060-2,2,Apex Consistency,Combined throttle (±21.0%) and speed (±18.9 km/h) variance indicates inconsistent apex positioning.,Standardize apex points at Turn 3 and Turn 4. Use inside curbing as reference. Consistent apex = consistent exit = consistent lap times.,MEDIUM,0.35-0.60s,100.912s,101.387s,MEDIUM,0.285,Intermediate
GR86-060-2,2,Overall Consistency,"Input variance (Speed: ±18.9 km/h, Throttle: ±21.0%) is the primary performance limiter.","Mandatory: Establish 3 reference points per corner - brake marker (100m board), turn-in point (apex curbing), throttle point (track-out). Consistency is the foundation of speed. All other improvements are meaningless without this.",HIGH,0.25-0.45s,101.037s,101.387s,High,0.350,Intermediate
GR86-060-2,2,Input Smoothness,"Abrupt input changes detected (Throttle: ±21.0%, Brake: ±2.4%).",Practice progressive inputs. Throttle: 0% to 100% over 1.5 seconds. Brake: 100% to 0% over 1.0 second. Smooth inputs = predictable car behavior.,MEDIUM,0.30-0.50s,100.987s,101.387s,Medium,0.240,Intermediate
GR86-060-2,2,Weight Transfer Optimization,"G-force profile (Longitudinal: 0.00g, Lateral: 0.20g) suggests conservative weight transfer.","Opportunity: Brake harder initially at Turn 1 to load front, then smoothly transition to throttle to shift weight rear. This improves rotation and exit traction.",MEDIUM,0.25-0.40s,101.062s,101.387s,Medium,0.195,Intermediate
GR86-049-88,88,Threshold Braking Development,Peak brake pressure of 8.2% is below GR86 threshold capability (90%+ with race ABS and Alcon brakes).,Critical: Increase peak braking force by 15% at Turn 1/2 chicane. The GR86 race ABS allows 90-95% pressure without lock-up. Build confidence progressively.,HIGH,0.35-0.60s,99.939s,100.414s,High,0.475,Intermediate
GR86-049-88,88,Full Throttle Utilization,Only 0.0% of lap at full throttle. GR86 requires 55%+ due to lower power output.,Critical: Reach 100% throttle 55% earlier. Focus on Turn 2 exit and Turn 5 exit. Every meter earlier = 0.05s gained on main straight.,HIGH,0.38-0.64s,99.904s,100.414s,High,0.510,Intermediate
GR86-049-88,88,Throttle Application Timing,Throttle application 8.3% below best lap average.,"Apply throttle at apex of Turn 3 and Turn 4. Target: 50% at apex, 75% at mid-exit, 100% at track-out. Current: 67.5%, Target: 75.8%.",HIGH,0.21-0.35s,100.134s,100.414s,High,0.280,Intermediate
GR86-049-88,88,Traction Management,Longitudinal acceleration of 0.01g is below GR86 capability on slicks.,"The GR86 torque curve allows aggressive application from 3700 RPM. If losing traction at Turn 2 exit, reduce initial rate by 10%. If no traction loss, increase aggression by 20%.",MEDIUM,0.25-0.40s,100.089s,100.414s,Medium,0.195,Intermediate
GR86-049-88,88,Average Speed Optimization,Average speed 10.5 km/h below your best lap (128.4 vs 138.9 km/h),Focus on minimum corner speeds. Every 1 km/h gained through corners = 0.08s per lap. Target: 138.9 km/h average.,HIGH,3.61-5.42s,95.895s,100.414s,High,4.519,Intermediate
GR86-049-88,88,Maximum Speed Development,Top speed of 138.9 km/h suggests exit speed or straight-line issues,Focus on corner exit acceleration. Better exits = higher top speeds. Also check if you're short-shifting.,MEDIUM,0.20-0.40s,100.114s,100.414s,Medium,0.180,Intermediate
GR86-049-88,88,Shift Point Optimization,Shifting at 6328 RPM. GR86 optimal shift point is 7100 RPM.,Shift 772 RPM later on main straight and Turn 2 exit. Use shift light as reference. Power curve remains strong to 7100 RPM.,MEDIUM,0.20-0.35s,100.139s,100.414s,Medium,0.165,Intermediate
GR86-049-88,88,Cornering Speed Development,Lateral G-force of 0.20g is 0.80g below GR86 capability on slicks (1.0g threshold).,Critical: Increase corner entry speed by 5 km/h at Turn 3 and Turn 4. Build confidence progressively over 3 sessions. The GR86 on slicks can sustain 1.0g+ in steady-state cornering.,HIGH,0.25-0.40s,100.089s,100.414s,High,0.325,Intermediate
GR86-049-88,88,Corner Exit Acceleration,Exit acceleration of 0.01g is below GR86 potential.,"Critical: Apply 50% throttle at Turn 2 apex, building to 100% by track-out. The GR86 requires aggressive exits to compensate for lower power. Every 0.1g improvement = 0.15s per lap.",HIGH,0.25-0.38s,100.102s,100.414s,High,0.312,Intermediate
GR86-049-88,88,Apex Consistency,Combined throttle (±14.2%) and speed (±17.0 km/h) variance indicates inconsistent apex positioning.,Standardize apex points at Turn 3 and Turn 4. Use inside curbing as reference. Consistent apex = consistent exit = consistent lap times.,MEDIUM,0.35-0.60s,99.939s,100.414s,MEDIUM,0.285,Intermediate
GR86-049-88,88,Overall Consistency,"Input variance (Speed: ±17.0 km/h, Throttle: ±14.2%) is the primary performance limiter.","Mandatory: Establish 3 reference points per corner - brake marker (100m board), turn-in point (apex curbing), throttle point (track-out). Consistency is the foundation of speed. All other improvements are meaningless without this.",HIGH,0.25-0.45s,100.064s,100.414s,High,0.350,Intermediate
GR86-049-88,88,Weight Transfer Optimization,"G-force profile (Longitudinal: 0.01g, Lateral: 0.20g) suggests conservative weight transfer.","Opportunity: Brake harder initially at Turn 1 to load front, then smoothly transition to throttle to shift weight rear. This improves rotation and exit traction.",MEDIUM,0.25-0.40s,100.089s,100.414s,Medium,0.195,Intermediate
GR86-063-113,113,Threshold Braking Development,Peak brake pressure of 7.6% is below GR86 threshold capability (90%+ with race ABS and Alcon brakes).,Critical: Increase peak braking force by 15% at Turn 1/2 chicane. The GR86 race ABS allows 90-95% pressure without lock-up. Build confidence progressively.,HIGH,0.24-0.42s,96.531s,96.863s,High,0.332,Advanced
GR86-063-113,113,Full Throttle Utilization,Only 0.0% of lap at full throttle. GR86 requires 55%+ due to lower power output.,Critical: Reach 100% throttle 55% earlier. Focus on Turn 2 exit and Turn 5 exit. Every meter earlier = 0.05s gained on main straight.,HIGH,0.27-0.45s,96.506s,96.863s,High,0.357,Advanced
GR86-063-113,113,Throttle Application Timing,Throttle application 11.1% below best lap average.,"Apply throttle at apex of Turn 3 and Turn 4. Target: 50% at apex, 75% at mid-exit, 100% at track-out. Current: 64.9%, Target: 76.0%.",HIGH,0.15-0.24s,96.667s,96.863s,High,0.196,Advanced
GR86-063-113,113,Throttle Consistency,Throttle variance of ±20.7% indicates inconsistent corner exits.,Standardize throttle application points. Use apex curbing as reference for initial 50% application. Smooth progression is critical.,MEDIUM,0.24-0.42s,96.531s,96.863s,MEDIUM,0.199,Advanced
GR86-063-113,113,Traction Management,Longitudinal acceleration of 0.01g is below GR86 capability on slicks.,"The GR86 torque curve allows aggressive application from 3700 RPM. If losing traction at Turn 2 exit, reduce initial rate by 10%. If no traction loss, increase aggression by 20%.",MEDIUM,0.17-0.28s,96.635s,96.863s,Medium,0.136,Advanced
GR86-063-113,113,Average Speed Optimization,Average speed 8.8 km/h below your best lap (128.6 vs 137.4 km/h),Focus on minimum corner speeds. Every 1 km/h gained through corners = 0.08s per lap. Target: 137.4 km/h average.,HIGH,2.05-3.08s,94.299s,96.863s,High,2.564,Advanced
GR86-063-113,113,Maximum Speed Development,Top speed of 139.0 km/h suggests exit speed or straight-line issues,Focus on corner exit acceleration. Better exits = higher top speeds. Also check if you're short-shifting.,MEDIUM,0.14-0.28s,96.653s,96.863s,Medium,0.126,Advanced
GR86-063-113,113,Shift Point Optimization,Shifting at 6380 RPM. GR86 optimal shift point is 7100 RPM.,Shift 720 RPM later on main straight and Turn 2 exit. Use shift light as reference. Power curve remains strong to 7100 RPM.,MEDIUM,0.14-0.24s,96.671s,96.863s,Medium,0.115,Advanced
GR86-063-113,113,Cornering Speed Development,Lateral G-force of 0.20g is 0.80g below GR86 capability on slicks (1.0g threshold).,Critical: Increase corner entry speed by 5 km/h at Turn 3 and Turn 4. Build confidence progressively over 3 sessions. The GR86 on slicks can sustain 1.0g+ in steady-state cornering.,HIGH,0.17-0.28s,96.635s,96.863s,High,0.227,Advanced
GR86-063-113,113,Corner Exit Acceleration,Exit acceleration of 0.01g is below GR86 potential.,"Critical: Apply 50% throttle at Turn 2 apex, building to 100% by track-out. The GR86 requires aggressive exits to compensate for lower power. Every 0.1g improvement = 0.15s per lap.",HIGH,0.17-0.26s,96.644s,96.863s,High,0.219,Advanced
GR86-063-113,113,Apex Consistency,Combined throttle (±20.7%) and speed (±17.4 km/h) variance indicates inconsistent apex positioning.,Standardize apex points at Turn 3 and Turn 4. Use inside curbing as reference. Consistent apex = consistent exit = consistent lap times.,MEDIUM,0.24-0.42s,96.531s,96.863s,MEDIUM,0.199,Advanced
GR86-063-113,113,Overall Consistency,"Input variance (Speed: ±17.4 km/h, Throttle: ±20.7%) is the primary performance limiter.","Mandatory: Establish 3 reference points per corner - brake marker (100m board), turn-in point (apex curbing), throttle point (track-out). Consistency is the foundation of speed. All other improvements are meaningless without this.",HIGH,0.17-0.32s,96.618s,96.863s,High,0.245,Advanced
GR86-063-113,113,Input Smoothness,"Abrupt input changes detected (Throttle: ±20.7%, Brake: ±2.0%).",Practice progressive inputs. Throttle: 0% to 100% over 1.5 seconds. Brake: 100% to 0% over 1.0 second. Smooth inputs = predictable car behavior.,MEDIUM,0.21-0.35s,96.583s,96.863s,Medium,0.168,Advanced
GR86-063-113,113,Weight Transfer Optimization,"G-force profile (Longitudinal: 0.01g, Lateral: 0.20g) suggests conservative weight transfer.","Opportunity: Brake harder initially at Turn 1 to load front, then smoothly transition to throttle to shift weight rear. This improves rotation and exit traction.",MEDIUM,0.17-0.28s,96.635s,96.863s,Medium,0.136,Advanced
GR86-047-21,21,Threshold Braking Development,Peak brake pressure of 9.6% is below GR86 threshold capability (90%+ with race ABS and Alcon brakes).,Critical: Increase peak braking force by 15% at Turn 1/2 chicane. The GR86 race ABS allows 90-95% pressure without lock-up. Build confidence progressively.,HIGH,0.35-0.60s,100.189s,100.664s,High,0.475,Intermediate
GR86-047-21,21,Full Throttle Utilization,Only 0.0% of lap at full throttle. GR86 requires 55%+ due to lower power output.,Critical: Reach 100% throttle 55% earlier. Focus on Turn 2 exit and Turn 5 exit. Every meter earlier = 0.05s gained on main straight.,HIGH,0.38-0.64s,100.154s,100.664s,High,0.510,Intermediate
GR86-047-21,21,Throttle Application Timing,Throttle application 9.3% below best lap average.,"Apply throttle at apex of Turn 3 and Turn 4. Target: 50% at apex, 75% at mid-exit, 100% at track-out. Current: 66.1%, Target: 75.4%.",HIGH,0.21-0.35s,100.384s,100.664s,High,0.280,Intermediate
GR86-047-21,21,Throttle Consistency,Throttle variance of ±18.9% indicates inconsistent corner exits.,Standardize throttle application points. Use apex curbing as reference for initial 50% application. Smooth progression is critical.,MEDIUM,0.35-0.60s,100.189s,100.664s,MEDIUM,0.285,Intermediate
GR86-047-21,21,Traction Management,Longitudinal acceleration of -0.00g is below GR86 capability on slicks.,"The GR86 torque curve allows aggressive application from 3700 RPM. If losing traction at Turn 2 exit, reduce initial rate by 10%. If no traction loss, increase aggression by 20%.",MEDIUM,0.25-0.40s,100.339s,100.664s,Medium,0.195,Intermediate
GR86-047-21,21,Average Speed Optimization,Average speed 8.4 km/h below your best lap (128.6 vs 137.1 km/h),Focus on minimum corner speeds. Every 1 km/h gained through corners = 0.08s per lap. Target: 137.1 km/h average.,HIGH,2.91-4.36s,97.032s,100.664s,High,3.632,Intermediate
GR86-047-21,21,Maximum Speed Development,Top speed of 138.9 km/h suggests exit speed or straight-line issues,Focus on corner exit acceleration. Better exits = higher top speeds. Also check if you're short-shifting.,MEDIUM,0.20-0.40s,100.364s,100.664s,Medium,0.180,Intermediate
GR86-047-21,21,Shift Point Optimization,Shifting at 6528 RPM. GR86 optimal shift point is 7100 RPM.,Shift 572 RPM later on main straight and Turn 2 exit. Use shift light as reference. Power curve remains strong to 7100 RPM.,MEDIUM,0.20-0.35s,100.389s,100.664s,Medium,0.165,Intermediate
GR86-047-21,21,Cornering Speed Development,Lateral G-force of 0.22g is 0.78g below GR86 capability on slicks (1.0g threshold).,Critical: Increase corner entry speed by 5 km/h at Turn 3 and Turn 4. Build confidence progressively over 3 sessions. The GR86 on slicks can sustain 1.0g+ in steady-state cornering.,HIGH,0.25-0.40s,100.339s,100.664s,High,0.325,Intermediate
GR86-047-21,21,Corner Exit Acceleration,Exit acceleration of -0.00g is below GR86 potential.,"Critical: Apply 50% throttle at Turn 2 apex, building to 100% by track-out. The GR86 requires aggressive exits to compensate for lower power. Every 0.1g improvement = 0.15s per lap.",HIGH,0.25-0.38s,100.352s,100.664s,High,0.312,Intermediate
GR86-047-21,21,Apex Consistency,Combined throttle (±18.9%) and speed (±16.6 km/h) variance indicates inconsistent apex positioning.,Standardize apex points at Turn 3 and Turn 4. Use inside curbing as reference. Consistent apex = consistent exit = consistent lap times.,MEDIUM,0.35-0.60s,100.189s,100.664s,MEDIUM,0.285,Intermediate
GR86-047-21,21,Overall Consistency,"Input variance (Speed: ±16.6 km/h, Throttle: ±18.9%) is the primary performance limiter.","Mandatory: Establish 3 reference points per corner - brake marker (100m board), turn-in point (apex curbing), throttle point (track-out). Consistency is the foundation of speed. All other improvements are meaningless without this.",HIGH,0.25-0.45s,100.314s,100.664s,High,0.350,Intermediate
GR86-047-21,21,Input Smoothness,"Abrupt input changes detected (Throttle: ±18.9%, Brake: ±2.3%).",Practice progressive inputs. Throttle: 0% to 100% over 1.5 seconds. Brake: 100% to 0% over 1.0 second. Smooth inputs = predictable car behavior.,MEDIUM,0.30-0.50s,100.264s,100.664s,Medium,0.240,Intermediate
GR86-047-21,21,Weight Transfer Optimization,"G-force profile (Longitudinal: -0.00g, Lateral: 0.22g) suggests conservative weight transfer.","Opportunity: Brake harder initially at Turn 1 to load front, then smoothly transition to throttle to shift weight rear. This improves rotation and exit traction.",MEDIUM,0.25-0.40s,100.339s,100.664s,Medium,0.195,Intermediate
GR86-013-80,80,Threshold Braking Development,Peak brake pressure of 8.3% is below GR86 threshold capability (90%+ with race ABS and Alcon brakes).,Critical: Increase peak braking force by 15% at Turn 1/2 chicane. The GR86 race ABS allows 90-95% pressure without lock-up. Build confidence progressively.,HIGH,0.45-0.78s,101.289s,101.907s,High,0.617,Developing
GR86-013-80,80,Full Throttle Utilization,Only 0.0% of lap at full throttle. GR86 requires 55%+ due to lower power output.,Critical: Reach 100% throttle 55% earlier. Focus on Turn 2 exit and Turn 5 exit. Every meter earlier = 0.05s gained on main straight.,HIGH,0.50-0.83s,101.244s,101.907s,High,0.663,Developing
GR86-013-80,80,Throttle Application Timing,Throttle application 12.5% below best lap average.,"Apply throttle at apex of Turn 3 and Turn 4. Target: 50% at apex, 75% at mid-exit, 100% at track-out. Current: 62.2%, Target: 74.7%.",HIGH,0.27-0.45s,101.543s,101.907s,High,0.364,Developing
GR86-013-80,80,Throttle Consistency,Throttle variance of ±18.6% indicates inconsistent corner exits.,Standardize throttle application points. Use apex curbing as reference for initial 50% application. Smooth progression is critical.,HIGH,0.31-0.54s,101.482s,101.907s,HIGH,0.425,Developing
GR86-013-80,80,Traction Management,Longitudinal acceleration of 0.01g is below GR86 capability on slicks.,"The GR86 torque curve allows aggressive application from 3700 RPM. If losing traction at Turn 2 exit, reduce initial rate by 10%. If no traction loss, increase aggression by 20%.",MEDIUM,0.33-0.52s,101.484s,101.907s,Medium,0.254,Developing
GR86-013-80,80,Average Speed Optimization,Average speed 13.3 km/h below your best lap (124.8 vs 138.1 km/h),Focus on minimum corner speeds. Every 1 km/h gained through corners = 0.08s per lap. Target: 138.1 km/h average.,HIGH,5.64-8.46s,94.857s,101.907s,High,7.050,Developing
GR86-013-80,80,Maximum Speed Development,Top speed of 138.1 km/h suggests exit speed or straight-line issues,Focus on corner exit acceleration. Better exits = higher top speeds. Also check if you're short-shifting.,MEDIUM,0.26-0.52s,101.517s,101.907s,Medium,0.234,Developing
GR86-013-80,80,Shift Point Optimization,Shifting at 6331 RPM. GR86 optimal shift point is 7100 RPM.,Shift 769 RPM later on main straight and Turn 2 exit. Use shift light as reference. Power curve remains strong to 7100 RPM.,MEDIUM,0.26-0.45s,101.549s,101.907s,Medium,0.214,Developing
GR86-013-80,80,Cornering Speed Development,Lateral G-force of 0.19g is 0.81g below GR86 capability on slicks (1.0g threshold).,Critical: Increase corner entry speed by 5 km/h at Turn 3 and Turn 4. Build confidence progressively over 3 sessions. The GR86 on slicks can sustain 1.0g+ in steady-state cornering.,HIGH,0.33-0.52s,101.484s,101.907s,High,0.422,Developing
GR86-013-80,80,Corner Exit Acceleration,Exit acceleration of 0.01g is below GR86 potential.,"Critical: Apply 50% throttle at Turn 2 apex, building to 100% by track-out. The GR86 requires aggressive exits to compensate for lower power. Every 0.1g improvement = 0.15s per lap.",HIGH,0.33-0.49s,101.501s,101.907s,High,0.406,Developing
GR86-013-80,80,Apex Consistency,Combined throttle (±18.6%) and speed (±18.4 km/h) variance indicates inconsistent apex positioning.,Standardize apex points at Turn 3 and Turn 4. Use inside curbing as reference. Consistent apex = consistent exit = consistent lap times.,HIGH,0.28-0.49s,101.521s,101.907s,HIGH,0.386,Developing
GR86-013-80,80,Overall Consistency,"Input variance (Speed: ±18.4 km/h, Throttle: ±18.6%) is the primary performance limiter.","Mandatory: Establish 3 reference points per corner - brake marker (100m board), turn-in point (apex curbing), throttle point (track-out). Consistency is the foundation of speed. All other improvements are meaningless without this.",HIGH,0.41-0.73s,101.338s,101.907s,High,0.569,Developing
GR86-013-80,80,Input Smoothness,"Abrupt input changes detected (Throttle: ±18.6%, Brake: ±1.8%).",Practice progressive inputs. Throttle: 0% to 100% over 1.5 seconds. Brake: 100% to 0% over 1.0 second. Smooth inputs = predictable car behavior.,MEDIUM,0.39-0.65s,101.387s,101.907s,Medium,0.312,Developing
GR86-038-93,93,Threshold Braking Development,Peak brake pressure of 9.4% is below GR86 threshold capability (90%+ with race ABS and Alcon brakes).,Critical: Increase peak braking force by 15% at Turn 1/2 chicane. The GR86 race ABS allows 90-95% pressure without lock-up. Build confidence progressively.,HIGH,0.45-0.78s,101.427s,102.045s,High,0.617,Developing
GR86-038-93,93,Full Throttle Utilization,Only 0.0% of lap at full throttle. GR86 requires 55%+ due to lower power output.,Critical: Reach 100% throttle 55% earlier. Focus on Turn 2 exit and Turn 5 exit. Every meter earlier = 0.05s gained on main straight.,HIGH,0.50-0.83s,101.382s,102.045s,High,0.663,Developing
GR86-038-93,93,Throttle Application Timing,Throttle application 10.1% below best lap average.,"Apply throttle at apex of Turn 3 and Turn 4. Target: 50% at apex, 75% at mid-exit, 100% at track-out. Current: 65.4%, Target: 75.5%.",HIGH,0.27-0.45s,101.681s,102.045s,High,0.364,Developing
GR86-038-93,93,Throttle Consistency,Throttle variance of ±16.2% indicates inconsistent corner exits.,Standardize throttle application points. Use apex curbing as reference for initial 50% application. Smooth progression is critical.,HIGH,0.31-0.54s,101.620s,102.045s,HIGH,0.425,Developing
GR86-038-93,93,Traction Management,Longitudinal acceleration of 0.27g is below GR86 capability on slicks.,"The GR86 torque curve allows aggressive application from 3700 RPM. If losing traction at Turn 2 exit, reduce initial rate by 10%. If no traction loss, increase aggression by 20%.",MEDIUM,0.33-0.52s,101.623s,102.045s,Medium,0.254,Developing
GR86-038-93,93,Average Speed Optimization,Average speed 9.7 km/h below your best lap (127.6 vs 137.3 km/h),Focus on minimum corner speeds. Every 1 km/h gained through corners = 0.08s per lap. Target: 137.3 km/h average.,HIGH,4.02-6.03s,97.018s,102.045s,High,5.027,Developing
GR86-038-93,93,Maximum Speed Development,Top speed of 137.5 km/h suggests exit speed or straight-line issues,Focus on corner exit acceleration. Better exits = higher top speeds. Also check if you're short-shifting.,MEDIUM,0.26-0.52s,101.655s,102.045s,Medium,0.234,Developing
GR86-038-93,93,Shift Point Optimization,Shifting at 6277 RPM. GR86 optimal shift point is 7100 RPM.,Shift 823 RPM later on main straight and Turn 2 exit. Use shift light as reference. Power curve remains strong to 7100 RPM.,MEDIUM,0.26-0.45s,101.688s,102.045s,Medium,0.214,Developing
GR86-038-93,93,Cornering Speed Development,Lateral G-force of 0.22g is 0.78g below GR86 capability on slicks (1.0g threshold).,Critical: Increase corner entry speed by 5 km/h at Turn 3 and Turn 4. Build confidence progressively over 3 sessions. The GR86 on slicks can sustain 1.0g+ in steady-state cornering.,HIGH,0.33-0.52s,101.623s,102.045s,High,0.422,Developing
GR86-038-93,93,Corner Exit Acceleration,Exit acceleration of 0.27g is below GR86 potential.,"Critical: Apply 50% throttle at Turn 2 apex, building to 100% by track-out. The GR86 requires aggressive exits to compensate for lower power. Every 0.1g improvement = 0.15s per lap.",HIGH,0.33-0.49s,101.639s,102.045s,High,0.406,Developing
GR86-038-93,93,Apex Consistency,Combined throttle (±16.2%) and speed (±16.2 km/h) variance indicates inconsistent apex positioning.,Standardize apex points at Turn 3 and Turn 4. Use inside curbing as reference. Consistent apex = consistent exit = consistent lap times.,HIGH,0.28-0.49s,101.659s,102.045s,HIGH,0.386,Developing
GR86-038-93,93,Overall Consistency,"Input variance (Speed: ±16.2 km/h, Throttle: ±16.2%) is the primary performance limiter.","Mandatory: Establish 3 reference points per corner - brake marker (100m board), turn-in point (apex curbing), throttle point (track-out). Consistency is the foundation of speed. All other improvements are meaningless without this.",HIGH,0.41-0.73s,101.476s,102.045s,High,0.569,Developing
GR86-030-18,18,Threshold Braking Development,Peak brake pressure of 7.4% is below GR86 threshold capability (90%+ with race ABS and Alcon brakes).,Critical: Increase peak braking force by 15% at Turn 1/2 chicane. The GR86 race ABS allows 90-95% pressure without lock-up. Build confidence progressively.,HIGH,0.45-0.78s,101.258s,101.876s,High,0.617,Developing
GR86-030-18,18,Full Throttle Utilization,Only 0.0% of lap at full throttle. GR86 requires 55%+ due to lower power output.,Critical: Reach 100% throttle 55% earlier. Focus on Turn 2 exit and Turn 5 exit. Every meter earlier = 0.05s gained on main straight.,HIGH,0.50-0.83s,101.213s,101.876s,High,0.663,Developing
GR86-030-18,18,Throttle Application Timing,Throttle application 7.7% below best lap average.,"Apply throttle at apex of Turn 3 and Turn 4. Target: 50% at apex, 75% at mid-exit, 100% at track-out. Current: 64.9%, Target: 72.5%.",HIGH,0.27-0.45s,101.512s,101.876s,High,0.364,Developing
GR86-030-18,18,Throttle Consistency,Throttle variance of ±16.2% indicates inconsistent corner exits.,Standardize throttle application points. Use apex curbing as reference for initial 50% application. Smooth progression is critical.,HIGH,0.31-0.54s,101.451s,101.876s,HIGH,0.425,Developing
GR86-030-18,18,Traction Management,Longitudinal acceleration of 0.00g is below GR86 capability on slicks.,"The GR86 torque curve allows aggressive application from 3700 RPM. If losing traction at Turn 2 exit, reduce initial rate by 10%. If no traction loss, increase aggression by 20%.",MEDIUM,0.33-0.52s,101.454s,101.876s,Medium,0.254,Developing
GR86-030-18,18,Average Speed Optimization,Average speed 9.5 km/h below your best lap (128.2 vs 137.6 km/h),Focus on minimum corner speeds. Every 1 km/h gained through corners = 0.08s per lap. Target: 137.6 km/h average.,HIGH,3.91-5.87s,96.987s,101.876s,High,4.889,Developing
GR86-030-18,18,Maximum Speed Development,Top speed of 137.6 km/h suggests exit speed or straight-line issues,Focus on corner exit acceleration. Better exits = higher top speeds. Also check if you're short-shifting.,MEDIUM,0.26-0.52s,101.486s,101.876s,Medium,0.234,Developing
GR86-030-18,18,Shift Point Optimization,Shifting at 6206 RPM. GR86 optimal shift point is 7100 RPM.,Shift 894 RPM later on main straight and Turn 2 exit. Use shift light as reference. Power curve remains strong to 7100 RPM.,MEDIUM,0.26-0.45s,101.519s,101.876s,Medium,0.214,Developing
GR86-030-18,18,Cornering Speed Development,Lateral G-force of 0.19g is 0.81g below GR86 capability on slicks (1.0g threshold).,Critical: Increase corner entry speed by 5 km/h at Turn 3 and Turn 4. Build confidence progressively over 3 sessions. The GR86 on slicks can sustain 1.0g+ in steady-state cornering.,HIGH,0.33-0.52s,101.454s,101.876s,High,0.422,Developing
GR86-030-18,18,Corner Exit Acceleration,Exit acceleration of 0.00g is below GR86 potential.,"Critical: Apply 50% throttle at Turn 2 apex, building to 100% by track-out. The GR86 requires aggressive exits to compensate for lower power. Every 0.1g improvement = 0.15s per lap.",HIGH,0.33-0.49s,101.470s,101.876s,High,0.406,Developing
GR86-030-18,18,Apex Consistency,Combined throttle (±16.2%) and speed (±15.2 km/h) variance indicates inconsistent apex positioning.,Standardize apex points at Turn 3 and Turn 4. Use inside curbing as reference. Consistent apex = consistent exit = consistent lap times.,HIGH,0.28-0.49s,101.490s,101.876s,HIGH,0.386,Developing
GR86-030-18,18,Overall Consistency,"Input variance (Speed: ±15.2 km/h, Throttle: ±16.2%) is the primary performance limiter.","Mandatory: Establish 3 reference points per corner - brake marker (100m board), turn-in point (apex curbing), throttle point (track-out). Consistency is the foundation of speed. All other improvements are meaningless without this.",HIGH,0.41-0.73s,101.307s,101.876s,High,0.569,Developing
GR86-057-57,57,Threshold Braking Development,Peak brake pressure of 8.2% is below GR86 threshold capability (90%+ with race ABS and Alcon brakes).,Critical: Increase peak braking force by 15% at Turn 1/2 chicane. The GR86 race ABS allows 90-95% pressure without lock-up. Build confidence progressively.,HIGH,0.45-0.78s,102.856s,103.474s,High,0.617,Developing
GR86-057-57,57,Full Throttle Utilization,Only 0.0% of lap at full throttle. GR86 requires 55%+ due to lower power output.,Critical: Reach 100% throttle 55% earlier. Focus on Turn 2 exit and Turn 5 exit. Every meter earlier = 0.05s gained on main straight.,HIGH,0.50-0.83s,102.811s,103.474s,High,0.663,Developing
GR86-057-57,57,Throttle Application Timing,Throttle application 14.0% below best lap average.,"Apply throttle at apex of Turn 3 and Turn 4. Target: 50% at apex, 75% at mid-exit, 100% at track-out. Current: 58.8%, Target: 72.8%.",HIGH,0.27-0.45s,103.110s,103.474s,High,0.364,Developing
GR86-057-57,57,Throttle Consistency,Throttle variance of ±15.6% indicates inconsistent corner exits.,Standardize throttle application points. Use apex curbing as reference for initial 50% application. Smooth progression is critical.,HIGH,0.31-0.54s,103.049s,103.474s,HIGH,0.425,Developing
GR86-057-57,57,Traction Management,Longitudinal acceleration of 0.00g is below GR86 capability on slicks.,"The GR86 torque curve allows aggressive application from 3700 RPM. If losing traction at Turn 2 exit, reduce initial rate by 10%. If no traction loss, increase aggression by 20%.",MEDIUM,0.33-0.52s,103.052s,103.474s,Medium,0.254,Developing
GR86-057-57,57,Average Speed Optimization,Average speed 14.1 km/h below your best lap (121.9 vs 136.0 km/h),Focus on minimum corner speeds. Every 1 km/h gained through corners = 0.08s per lap. Target: 136.0 km/h average.,HIGH,6.22-9.33s,95.699s,103.474s,High,7.775,Developing
GR86-057-57,57,Speed Carry Comparison,Carrying 6.7 km/h less speed than fastest driver,Study fastest driver's corner speeds. They maintain 128.6 km/h average - focus on matching their minimum speeds first.,HIGH,0.39-0.65s,102.954s,103.474s,High,0.520,Developing
GR86-057-57,57,Maximum Speed Development,Top speed of 136.0 km/h suggests exit speed or straight-line issues,Focus on corner exit acceleration. Better exits = higher top speeds. Also check if you're short-shifting.,MEDIUM,0.26-0.52s,103.084s,103.474s,Medium,0.234,Developing
GR86-057-57,57,Shift Point Optimization,Shifting at 6168 RPM. GR86 optimal shift point is 7100 RPM.,Shift 932 RPM later on main straight and Turn 2 exit. Use shift light as reference. Power curve remains strong to 7100 RPM.,MEDIUM,0.26-0.45s,103.117s,103.474s,Medium,0.214,Developing
GR86-057-57,57,Cornering Speed Development,Lateral G-force of 0.19g is 0.81g below GR86 capability on slicks (1.0g threshold).,Critical: Increase corner entry speed by 5 km/h at Turn 3 and Turn 4. Build confidence progressively over 3 sessions. The GR86 on slicks can sustain 1.0g+ in steady-state cornering.,HIGH,0.33-0.52s,103.052s,103.474s,High,0.422,Developing
GR86-057-57,57,Corner Exit Acceleration,Exit acceleration of 0.00g is below GR86 potential.,"Critical: Apply 50% throttle at Turn 2 apex, building to 100% by track-out. The GR86 requires aggressive exits to compensate for lower power. Every 0.1g improvement = 0.15s per lap.",HIGH,0.33-0.49s,103.068s,103.474s,High,0.406,Developing
GR86-057-57,57,Apex Consistency,Combined throttle (±15.6%) and speed (±16.3 km/h) variance indicates inconsistent apex positioning.,Standardize apex points at Turn 3 and Turn 4. Use inside curbing as reference. Consistent apex = consistent exit = consistent lap times.,HIGH,0.28-0.49s,103.088s,103.474s,HIGH,0.386,Developing
GR86-057-57,57,Overall Consistency,"Input variance (Speed: ±16.3 km/h, Throttle: ±15.6%) is the primary performance limiter.","Mandatory: Establish 3 reference points per corner - brake marker (100m board), turn-in point (apex curbing), throttle point (track-out). Consistency is the foundation of speed. All other improvements are meaningless without this.",HIGH,0.41-0.73s,102.905s,103.474s,High,0.569,Developing
GR86-057-57,57,Speed Gap to Leader,6.7 km/h slower than fastest driver (Avg: 121.9 vs 128.6 km/h).,Study fastest driver's minimum corner speeds at Turn 3 and Turn 4. They carry 6.7 km/h more speed. Focus on entry positioning and mid-corner speed maintenance.,HIGH,0.28-0.42s,103.126s,103.474s,High,0.348,Developing
GR86-012-8,8,Threshold Braking Development,Peak brake pressure of 7.2% is below GR86 threshold capability (90%+ with race ABS and Alcon brakes).,Critical: Increase peak braking force by 15% at Turn 1/2 chicane. The GR86 race ABS allows 90-95% pressure without lock-up. Build confidence progressively.,HIGH,0.45-0.78s,103.027s,103.645s,High,0.617,Developing
GR86-012-8,8,Full Throttle Utilization,Only 0.0% of lap at full throttle. GR86 requires 55%+ due to lower power output.,Critical: Reach 100% throttle 55% earlier. Focus on Turn 2 exit and Turn 5 exit. Every meter earlier = 0.05s gained on main straight.,HIGH,0.50-0.83s,102.982s,103.645s,High,0.663,Developing
GR86-012-8,8,Throttle Application Timing,Throttle application 8.0% below best lap average.,"Apply throttle at apex of Turn 3 and Turn 4. Target: 50% at apex, 75% at mid-exit, 100% at track-out. Current: 66.9%, Target: 75.0%.",HIGH,0.27-0.45s,103.281s,103.645s,High,0.364,Developing
GR86-012-8,8,Traction Management,Longitudinal acceleration of 0.01g is below GR86 capability on slicks.,"The GR86 torque curve allows aggressive application from 3700 RPM. If losing traction at Turn 2 exit, reduce initial rate by 10%. If no traction loss, increase aggression by 20%.",MEDIUM,0.33-0.52s,103.222s,103.645s,Medium,0.254,Developing
GR86-012-8,8,Average Speed Optimization,Average speed 8.5 km/h below your best lap (126.8 vs 135.4 km/h),Focus on minimum corner speeds. Every 1 km/h gained through corners = 0.08s per lap. Target: 135.4 km/h average.,HIGH,3.99-5.98s,98.658s,103.645s,High,4.987,Developing
GR86-012-8,8,Maximum Speed Development,Top speed of 135.4 km/h suggests exit speed or straight-line issues,Focus on corner exit acceleration. Better exits = higher top speeds. Also check if you're short-shifting.,MEDIUM,0.26-0.52s,103.255s,103.645s,Medium,0.234,Developing
GR86-012-8,8,Shift Point Optimization,Shifting at 6161 RPM. GR86 optimal shift point is 7100 RPM.,Shift 939 RPM later on main straight and Turn 2 exit. Use shift light as reference. Power curve remains strong to 7100 RPM.,MEDIUM,0.26-0.45s,103.287s,103.645s,Medium,0.214,Developing
GR86-012-8,8,Cornering Speed Development,Lateral G-force of 0.20g is 0.80g below GR86 capability on slicks (1.0g threshold).,Critical: Increase corner entry speed by 5 km/h at Turn 3 and Turn 4. Build confidence progressively over 3 sessions. The GR86 on slicks can sustain 1.0g+ in steady-state cornering.,HIGH,0.33-0.52s,103.222s,103.645s,High,0.422,Developing
GR86-012-8,8,Corner Exit Acceleration,Exit acceleration of 0.01g is below GR86 potential.,"Critical: Apply 50% throttle at Turn 2 apex, building to 100% by track-out. The GR86 requires aggressive exits to compensate for lower power. Every 0.1g improvement = 0.15s per lap.",HIGH,0.33-0.49s,103.239s,103.645s,High,0.406,Developing
GR86-012-8,8,Overall Consistency,"Input variance (Speed: ±13.1 km/h, Throttle: ±12.7%) is the primary performance limiter.","Mandatory: Establish 3 reference points per corner - brake marker (100m board), turn-in point (apex curbing), throttle point (track-out). Consistency is the foundation of speed. All other improvements are meaningless without this.",HIGH,0.41-0.73s,103.076s,103.645s,High,0.569,Developing
GR86-025-47,47,Threshold Braking Development,Peak brake pressure of 8.9% is below GR86 threshold capability (90%+ with race ABS and Alcon brakes).,Critical: Increase peak braking force by 15% at Turn 1/2 chicane. The GR86 race ABS allows 90-95% pressure without lock-up. Build confidence progressively.,HIGH,0.35-0.60s,99.868s,100.343s,High,0.475,Intermediate
GR86-025-47,47,Full Throttle Utilization,Only 0.0% of lap at full throttle. GR86 requires 55%+ due to lower power output.,Critical: Reach 100% throttle 55% earlier. Focus on Turn 2 exit and Turn 5 exit. Every meter earlier = 0.05s gained on main straight.,HIGH,0.38-0.64s,99.833s,100.343s,High,0.510,Intermediate
GR86-025-47,47,Throttle Application Timing,Throttle application 10.5% below best lap average.,"Apply throttle at apex of Turn 3 and Turn 4. Target: 50% at apex, 75% at mid-exit, 100% at track-out. Current: 67.1%, Target: 77.6%.",HIGH,0.21-0.35s,100.063s,100.343s,High,0.280,Intermediate
GR86-025-47,47,Throttle Consistency,Throttle variance of ±19.7% indicates inconsistent corner exits.,Standardize throttle application points. Use apex curbing as reference for initial 50% application. Smooth progression is critical.,MEDIUM,0.35-0.60s,99.868s,100.343s,MEDIUM,0.285,Intermediate
GR86-025-47,47,Traction Management,Longitudinal acceleration of -0.26g is below GR86 capability on slicks.,"The GR86 torque curve allows aggressive application from 3700 RPM. If losing traction at Turn 2 exit, reduce initial rate by 10%. If no traction loss, increase aggression by 20%.",MEDIUM,0.25-0.40s,100.018s,100.343s,Medium,0.195,Intermediate
GR86-025-47,47,Average Speed Optimization,Average speed 9.6 km/h below your best lap (129.9 vs 139.5 km/h),Focus on minimum corner speeds. Every 1 km/h gained through corners = 0.08s per lap. Target: 139.5 km/h average.,HIGH,3.25-4.88s,96.275s,100.343s,High,4.068,Intermediate
GR86-025-47,47,Maximum Speed Development,Top speed of 139.7 km/h suggests exit speed or straight-line issues,Focus on corner exit acceleration. Better exits = higher top speeds. Also check if you're short-shifting.,MEDIUM,0.20-0.40s,100.043s,100.343s,Medium,0.180,Intermediate
GR86-025-47,47,Shift Point Optimization,Shifting at 6477 RPM. GR86 optimal shift point is 7100 RPM.,Shift 623 RPM later on main straight and Turn 2 exit. Use shift light as reference. Power curve remains strong to 7100 RPM.,MEDIUM,0.20-0.35s,100.068s,100.343s,Medium,0.165,Intermediate
GR86-025-47,47,Cornering Speed Development,Lateral G-force of 0.20g is 0.80g below GR86 capability on slicks (1.0g threshold).,Critical: Increase corner entry speed by 5 km/h at Turn 3 and Turn 4. Build confidence progressively over 3 sessions. The GR86 on slicks can sustain 1.0g+ in steady-state cornering.,HIGH,0.25-0.40s,100.018s,100.343s,High,0.325,Intermediate
GR86-025-47,47,Corner Exit Acceleration,Exit acceleration of -0.26g is below GR86 potential.,"Critical: Apply 50% throttle at Turn 2 apex, building to 100% by track-out. The GR86 requires aggressive exits to compensate for lower power. Every 0.1g improvement = 0.15s per lap.",HIGH,0.25-0.38s,100.031s,100.343s,High,0.312,Intermediate
GR86-025-47,47,Apex Consistency,Combined throttle (±19.7%) and speed (±16.6 km/h) variance indicates inconsistent apex positioning.,Standardize apex points at Turn 3 and Turn 4. Use inside curbing as reference. Consistent apex = consistent exit = consistent lap times.,MEDIUM,0.35-0.60s,99.868s,100.343s,MEDIUM,0.285,Intermediate
GR86-025-47,47,Overall Consistency,"Input variance (Speed: ±16.6 km/h, Throttle: ±19.7%) is the primary performance limiter.","Mandatory: Establish 3 reference points per corner - brake marker (100m board), turn-in point (apex curbing), throttle point (track-out). Consistency is the foundation of speed. All other improvements are meaningless without this.",HIGH,0.25-0.45s,99.993s,100.343s,High,0.350,Intermediate
GR86-025-47,47,Input Smoothness,"Abrupt input changes detected (Throttle: ±19.7%, Brake: ±2.3%).",Practice progressive inputs. Throttle: 0% to 100% over 1.5 seconds. Brake: 100% to 0% over 1.0 second. Smooth inputs = predictable car behavior.,MEDIUM,0.30-0.50s,99.943s,100.343s,Medium,0.240,Intermediate
GR86-025-47,47,Weight Transfer Optimization,"G-force profile (Longitudinal: -0.26g, Lateral: 0.20g) suggests conservative weight transfer.","Opportunity: Brake harder initially at Turn 1 to load front, then smoothly transition to throttle to shift weight rear. This improves rotation and exit traction.",MEDIUM,0.25-0.40s,100.018s,100.343s,Medium,0.195,Intermediate
GR86-033-46,46,Threshold Braking Development,Peak brake pressure of 8.4% is below GR86 threshold capability (90%+ with race ABS and Alcon brakes).,Critical: Increase peak braking force by 15% at Turn 1/2 chicane. The GR86 race ABS allows 90-95% pressure without lock-up. Build confidence progressively.,HIGH,0.35-0.60s,99.772s,100.247s,High,0.475,Intermediate
GR86-033-46,46,Full Throttle Utilization,Only 0.0% of lap at full throttle. GR86 requires 55%+ due to lower power output.,Critical: Reach 100% throttle 55% earlier. Focus on Turn 2 exit and Turn 5 exit. Every meter earlier = 0.05s gained on main straight.,HIGH,0.38-0.64s,99.737s,100.247s,High,0.510,Intermediate
GR86-033-46,46,Throttle Application Timing,Throttle application 9.6% below best lap average.,"Apply throttle at apex of Turn 3 and Turn 4. Target: 50% at apex, 75% at mid-exit, 100% at track-out. Current: 66.5%, Target: 76.1%.",HIGH,0.21-0.35s,99.967s,100.247s,High,0.280,Intermediate
GR86-033-46,46,Throttle Consistency,Throttle variance of ±19.3% indicates inconsistent corner exits.,Standardize throttle application points. Use apex curbing as reference for initial 50% application. Smooth progression is critical.,MEDIUM,0.35-0.60s,99.772s,100.247s,MEDIUM,0.285,Intermediate
GR86-033-46,46,Traction Management,Longitudinal acceleration of 0.02g is below GR86 capability on slicks.,"The GR86 torque curve allows aggressive application from 3700 RPM. If losing traction at Turn 2 exit, reduce initial rate by 10%. If no traction loss, increase aggression by 20%.",MEDIUM,0.25-0.40s,99.922s,100.247s,Medium,0.195,Intermediate
GR86-033-46,46,Average Speed Optimization,Average speed 8.1 km/h below your best lap (130.7 vs 138.8 km/h),Focus on minimum corner speeds. Every 1 km/h gained through corners = 0.08s per lap. Target: 138.8 km/h average.,HIGH,2.74-4.10s,96.827s,100.247s,High,3.420,Intermediate
GR86-033-46,46,Maximum Speed Development,Top speed of 139.6 km/h suggests exit speed or straight-line issues,Focus on corner exit acceleration. Better exits = higher top speeds. Also check if you're short-shifting.,MEDIUM,0.20-0.40s,99.947s,100.247s,Medium,0.180,Intermediate
GR86-033-46,46,Shift Point Optimization,Shifting at 6485 RPM. GR86 optimal shift point is 7100 RPM.,Shift 615 RPM later on main straight and Turn 2 exit. Use shift light as reference. Power curve remains strong to 7100 RPM.,MEDIUM,0.20-0.35s,99.972s,100.247s,Medium,0.165,Intermediate
GR86-033-46,46,Cornering Speed Development,Lateral G-force of 0.18g is 0.82g below GR86 capability on slicks (1.0g threshold).,Critical: Increase corner entry speed by 5 km/h at Turn 3 and Turn 4. Build confidence progressively over 3 sessions. The GR86 on slicks can sustain 1.0g+ in steady-state cornering.,HIGH,0.25-0.40s,99.922s,100.247s,High,0.325,Intermediate
GR86-033-46,46,Corner Exit Acceleration,Exit acceleration of 0.02g is below GR86 potential.,"Critical: Apply 50% throttle at Turn 2 apex, building to 100% by track-out. The GR86 requires aggressive exits to compensate for lower power. Every 0.1g improvement = 0.15s per lap.",HIGH,0.25-0.38s,99.934s,100.247s,High,0.312,Intermediate
GR86-033-46,46,Apex Consistency,Combined throttle (±19.3%) and speed (±16.1 km/h) variance indicates inconsistent apex positioning.,Standardize apex points at Turn 3 and Turn 4. Use inside curbing as reference. Consistent apex = consistent exit = consistent lap times.,MEDIUM,0.35-0.60s,99.772s,100.247s,MEDIUM,0.285,Intermediate
GR86-033-46,46,Overall Consistency,"Input variance (Speed: ±16.1 km/h, Throttle: ±19.3%) is the primary performance limiter.","Mandatory: Establish 3 reference points per corner - brake marker (100m board), turn-in point (apex curbing), throttle point (track-out). Consistency is the foundation of speed. All other improvements are meaningless without this.",HIGH,0.25-0.45s,99.897s,100.247s,High,0.350,Intermediate
GR86-033-46,46,Input Smoothness,"Abrupt input changes detected (Throttle: ±19.3%, Brake: ±2.0%).",Practice progressive inputs. Throttle: 0% to 100% over 1.5 seconds. Brake: 100% to 0% over 1.0 second. Smooth inputs = predictable car behavior.,MEDIUM,0.30-0.50s,99.847s,100.247s,Medium,0.240,Intermediate
GR86-033-46,46,Weight Transfer Optimization,"G-force profile (Longitudinal: 0.02g, Lateral: 0.18g) suggests conservative weight transfer.","Opportunity: Brake harder initially at Turn 1 to load front, then smoothly transition to throttle to shift weight rear. This improves rotation and exit traction.",MEDIUM,0.25-0.40s,99.922s,100.247s,Medium,0.195,Intermediate
GR86-040-3,3,Threshold Braking Development,Peak brake pressure of 8.5% is below GR86 threshold capability (90%+ with race ABS and Alcon brakes).,Critical: Increase peak braking force by 15% at Turn 1/2 chicane. The GR86 race ABS allows 90-95% pressure without lock-up. Build confidence progressively.,HIGH,0.45-0.78s,101.756s,102.374s,High,0.617,Developing
GR86-040-3,3,Full Throttle Utilization,Only 0.0% of lap at full throttle. GR86 requires 55%+ due to lower power output.,Critical: Reach 100% throttle 55% earlier. Focus on Turn 2 exit and Turn 5 exit. Every meter earlier = 0.05s gained on main straight.,HIGH,0.50-0.83s,101.711s,102.374s,High,0.663,Developing
GR86-040-3,3,Throttle Application Timing,Throttle application 7.0% below best lap average.,"Apply throttle at apex of Turn 3 and Turn 4. Target: 50% at apex, 75% at mid-exit, 100% at track-out. Current: 69.1%, Target: 76.2%.",HIGH,0.27-0.45s,102.010s,102.374s,High,0.364,Developing
GR86-040-3,3,Throttle Consistency,Throttle variance of ±15.6% indicates inconsistent corner exits.,Standardize throttle application points. Use apex curbing as reference for initial 50% application. Smooth progression is critical.,HIGH,0.31-0.54s,101.949s,102.374s,HIGH,0.425,Developing
GR86-040-3,3,Traction Management,Longitudinal acceleration of 0.04g is below GR86 capability on slicks.,"The GR86 torque curve allows aggressive application from 3700 RPM. If losing traction at Turn 2 exit, reduce initial rate by 10%. If no traction loss, increase aggression by 20%.",MEDIUM,0.33-0.52s,101.951s,102.374s,Medium,0.254,Developing
GR86-040-3,3,Average Speed Optimization,Average speed 7.3 km/h below your best lap (129.8 vs 137.1 km/h),Focus on minimum corner speeds. Every 1 km/h gained through corners = 0.08s per lap. Target: 137.1 km/h average.,HIGH,3.00-4.50s,98.627s,102.374s,High,3.747,Developing
GR86-040-3,3,Maximum Speed Development,Top speed of 137.3 km/h suggests exit speed or straight-line issues,Focus on corner exit acceleration. Better exits = higher top speeds. Also check if you're short-shifting.,MEDIUM,0.26-0.52s,101.984s,102.374s,Medium,0.234,Developing
GR86-040-3,3,Shift Point Optimization,Shifting at 6282 RPM. GR86 optimal shift point is 7100 RPM.,Shift 818 RPM later on main straight and Turn 2 exit. Use shift light as reference. Power curve remains strong to 7100 RPM.,MEDIUM,0.26-0.45s,102.016s,102.374s,Medium,0.214,Developing
GR86-040-3,3,Cornering Speed Development,Lateral G-force of 0.21g is 0.79g below GR86 capability on slicks (1.0g threshold).,Critical: Increase corner entry speed by 5 km/h at Turn 3 and Turn 4. Build confidence progressively over 3 sessions. The GR86 on slicks can sustain 1.0g+ in steady-state cornering.,HIGH,0.33-0.52s,101.951s,102.374s,High,0.422,Developing
GR86-040-3,3,Corner Exit Acceleration,Exit acceleration of 0.04g is below GR86 potential.,"Critical: Apply 50% throttle at Turn 2 apex, building to 100% by track-out. The GR86 requires aggressive exits to compensate for lower power. Every 0.1g improvement = 0.15s per lap.",HIGH,0.33-0.49s,101.968s,102.374s,High,0.406,Developing
GR86-040-3,3,Overall Consistency,"Input variance (Speed: ±13.9 km/h, Throttle: ±15.6%) is the primary performance limiter.","Mandatory: Establish 3 reference points per corner - brake marker (100m board), turn-in point (apex curbing), throttle point (track-out). Consistency is the foundation of speed. All other improvements are meaningless without this.",HIGH,0.41-0.73s,101.805s,102.374s,High,0.569,Developing
GR86-028-89,89,Threshold Braking Development,Peak brake pressure of 8.3% is below GR86 threshold capability (90%+ with race ABS and Alcon brakes).,Critical: Increase peak braking force by 15% at Turn 1/2 chicane. The GR86 race ABS allows 90-95% pressure without lock-up. Build confidence progressively.,HIGH,0.35-0.60s,100.684s,101.159s,High,0.475,Intermediate
GR86-028-89,89,Full Throttle Utilization,Only 0.0% of lap at full throttle. GR86 requires 55%+ due to lower power output.,Critical: Reach 100% throttle 55% earlier. Focus on Turn 2 exit and Turn 5 exit. Every meter earlier = 0.05s gained on main straight.,HIGH,0.38-0.64s,100.649s,101.159s,High,0.510,Intermediate
GR86-028-89,89,Throttle Application Timing,Throttle application 10.6% below best lap average.,"Apply throttle at apex of Turn 3 and Turn 4. Target: 50% at apex, 75% at mid-exit, 100% at track-out. Current: 65.1%, Target: 75.7%.",HIGH,0.21-0.35s,100.879s,101.159s,High,0.280,Intermediate
GR86-028-89,89,Throttle Consistency,Throttle variance of ±18.5% indicates inconsistent corner exits.,Standardize throttle application points. Use apex curbing as reference for initial 50% application. Smooth progression is critical.,MEDIUM,0.35-0.60s,100.684s,101.159s,MEDIUM,0.285,Intermediate
GR86-028-89,89,Traction Management,Longitudinal acceleration of -0.00g is below GR86 capability on slicks.,"The GR86 torque curve allows aggressive application from 3700 RPM. If losing traction at Turn 2 exit, reduce initial rate by 10%. If no traction loss, increase aggression by 20%.",MEDIUM,0.25-0.40s,100.834s,101.159s,Medium,0.195,Intermediate
GR86-028-89,89,Average Speed Optimization,Average speed 10.6 km/h below your best lap (127.9 vs 138.4 km/h),Focus on minimum corner speeds. Every 1 km/h gained through corners = 0.08s per lap. Target: 138.4 km/h average.,HIGH,3.68-5.52s,96.561s,101.159s,High,4.598,Intermediate
GR86-028-89,89,Maximum Speed Development,Top speed of 138.5 km/h suggests exit speed or straight-line issues,Focus on corner exit acceleration. Better exits = higher top speeds. Also check if you're short-shifting.,MEDIUM,0.20-0.40s,100.859s,101.159s,Medium,0.180,Intermediate
GR86-028-89,89,Shift Point Optimization,Shifting at 6363 RPM. GR86 optimal shift point is 7100 RPM.,Shift 737 RPM later on main straight and Turn 2 exit. Use shift light as reference. Power curve remains strong to 7100 RPM.,MEDIUM,0.20-0.35s,100.884s,101.159s,Medium,0.165,Intermediate
GR86-028-89,89,Cornering Speed Development,Lateral G-force of 0.20g is 0.80g below GR86 capability on slicks (1.0g threshold).,Critical: Increase corner entry speed by 5 km/h at Turn 3 and Turn 4. Build confidence progressively over 3 sessions. The GR86 on slicks can sustain 1.0g+ in steady-state cornering.,HIGH,0.25-0.40s,100.834s,101.159s,High,0.325,Intermediate
GR86-028-89,89,Corner Exit Acceleration,Exit acceleration of -0.00g is below GR86 potential.,"Critical: Apply 50% throttle at Turn 2 apex, building to 100% by track-out. The GR86 requires aggressive exits to compensate for lower power. Every 0.1g improvement = 0.15s per lap.",HIGH,0.25-0.38s,100.847s,101.159s,High,0.312,Intermediate
GR86-028-89,89,Apex Consistency,Combined throttle (±18.5%) and speed (±18.4 km/h) variance indicates inconsistent apex positioning.,Standardize apex points at Turn 3 and Turn 4. Use inside curbing as reference. Consistent apex = consistent exit = consistent lap times.,MEDIUM,0.35-0.60s,100.684s,101.159s,MEDIUM,0.285,Intermediate
GR86-028-89,89,Overall Consistency,"Input variance (Speed: ±18.4 km/h, Throttle: ±18.5%) is the primary performance limiter.","Mandatory: Establish 3 reference points per corner - brake marker (100m board), turn-in point (apex curbing), throttle point (track-out). Consistency is the foundation of speed. All other improvements are meaningless without this.",HIGH,0.25-0.45s,100.809s,101.159s,High,0.350,Intermediate
GR86-028-89,89,Input Smoothness,"Abrupt input changes detected (Throttle: ±18.5%, Brake: ±2.0%).",Practice progressive inputs. Throttle: 0% to 100% over 1.5 seconds. Brake: 100% to 0% over 1.0 second. Smooth inputs = predictable car behavior.,MEDIUM,0.30-0.50s,100.759s,101.159s,Medium,0.240,Intermediate
GR86-028-89,89,Weight Transfer Optimization,"G-force profile (Longitudinal: -0.00g, Lateral: 0.20g) suggests conservative weight transfer.","Opportunity: Brake harder initially at Turn 1 to load front, then smoothly transition to throttle to shift weight rear. This improves rotation and exit traction.",MEDIUM,0.25-0.40s,100.834s,101.159s,Medium,0.195,Intermediate
