driver_name,category,commentary
Car #47,AI Commentary,"Car #47 faces a 0.23s deficit to their optimal pace, likely influenced by mid-session conditions and their tendency to improves under competitive pressure. Our prediction engine shows exceptional confidence (79%) with 6/6 models in agreement, indicating highly predictable performance patterns. Race conditions favor their smooth approach, with tire preservation likely playing to their strengths in the latter stages of the stint."
Car #47,Telemetry - Braking Technique,"Excellent braking consistency with only 2.3% variation. This precision is a key strength, particularly effective in the technical infield section. Consider exploring 5-10m later braking points in Turn 7 to capitalize on this control for potential 0.1s gains."
Car #47,Telemetry - Throttle Application,Well-balanced throttle technique with 67.1% average application and 0.0% time at full throttle. Fine-tuning opportunity exists in the transition zones - focus on eliminating brief lifts in the sweeper sections for marginal gains.
Car #47,Telemetry - Speed Optimization,"Top speed of 139.7 km/h indicates potential aerodynamic or mechanical limitations. However, your strength in maintaining 129.9 km/h average suggests excellent technical driving. Consider setup adjustments to reduce drag for the main straight while preserving cornering performance."
Car #47,Telemetry - Sector Analysis,Sector analysis indicates strongest performance in the technical infield (S1) where precision driving pays dividends. The high-speed sweeper section (S2) shows moderate efficiency with opportunities for improved line optimization. The oval section (S3) demonstrates good straight-line speed but could benefit from optimized corner exit technique in Turn 14 for maximum main straight advantage.
Car #47,Comparative Analysis,"Performance gap of 12.940s to the fastest lap indicates significant improvement potential. Analysis suggests the largest gains available through technique refinement and setup optimization. Currently 12.111s faster than session average, demonstrating above-average pace and consistency. This performance level suggests strong race potential with proper strategic execution."
Car #13,AI Commentary,"Car #13 faces a 0.71s deficit to their optimal pace, likely influenced by mid-session conditions and their tendency to improves under competitive pressure. Lower prediction confidence (57%) reflects the unpredictable nature of their recent performances, requiring careful session management. Race conditions favor their smooth approach, with tire preservation likely playing to their strengths in the latter stages of the stint."
Car #13,Telemetry - Braking Technique,"Excellent braking consistency with only 1.8% variation. This precision is a key strength, particularly effective in the technical infield section. Consider exploring 5-10m later braking points in Turn 7 to capitalize on this control for potential 0.1s gains."
Car #13,Telemetry - Throttle Application,Well-balanced throttle technique with 67.3% average application and 0.0% time at full throttle. Fine-tuning opportunity exists in the transition zones - focus on eliminating brief lifts in the sweeper sections for marginal gains.
Car #13,Telemetry - Speed Optimization,"Top speed of 139.7 km/h indicates potential aerodynamic or mechanical limitations. However, your strength in maintaining 129.4 km/h average suggests excellent technical driving. Consider setup adjustments to reduce drag for the main straight while preserving cornering performance."
Car #13,Telemetry - Sector Analysis,Sector analysis indicates strongest performance in the technical infield (S1) where precision driving pays dividends. The high-speed sweeper section (S2) shows moderate efficiency with opportunities for improved line optimization. The oval section (S3) demonstrates good straight-line speed but could benefit from optimized corner exit technique in Turn 14 for maximum main straight advantage.
Car #13,Comparative Analysis,"Performance gap of 12.698s to the fastest lap indicates significant improvement potential. Analysis suggests the largest gains available through technique refinement and setup optimization. Currently 12.353s faster than session average, demonstrating above-average pace and consistency. This performance level suggests strong race potential with proper strategic execution."
Car #98,AI Commentary,"Car #98 faces a 0.97s deficit to their optimal pace, likely influenced by mid-session conditions and their tendency to improves under competitive pressure. Moderate prediction confidence (65%) suggests some variability in performance, typical for drivers with smooth characteristics. Race conditions favor their smooth approach, with tire preservation likely playing to their strengths in the latter stages of the stint."
Car #98,Telemetry - Braking Technique,"Excellent braking consistency with only 2.4% variation. This precision is a key strength, particularly effective in the technical infield section. Consider exploring 5-10m later braking points in Turn 7 to capitalize on this control for potential 0.1s gains."
Car #98,Telemetry - Throttle Application,Well-balanced throttle technique with 65.5% average application and 0.0% time at full throttle. Fine-tuning opportunity exists in the transition zones - focus on eliminating brief lifts in the sweeper sections for marginal gains.
Car #98,Telemetry - Speed Optimization,"Top speed of 139.4 km/h indicates potential aerodynamic or mechanical limitations. However, your strength in maintaining 128.5 km/h average suggests excellent technical driving. Consider setup adjustments to reduce drag for the main straight while preserving cornering performance."
Car #98,Telemetry - Sector Analysis,Sector analysis indicates strongest performance in the technical infield (S1) where precision driving pays dividends. The high-speed sweeper section (S2) shows moderate efficiency with opportunities for improved line optimization. The oval section (S3) demonstrates good straight-line speed but could benefit from optimized corner exit technique in Turn 14 for maximum main straight advantage.
Car #98,Comparative Analysis,"Performance gap of 12.695s to the fastest lap indicates significant improvement potential. Analysis suggests the largest gains available through technique refinement and setup optimization. Currently 12.356s faster than session average, demonstrating above-average pace and consistency. This performance level suggests strong race potential with proper strategic execution."
Car #113,AI Commentary,"Car #113 faces a 4.26s deficit to their optimal pace, likely influenced by mid-session conditions and their tendency to improves under competitive pressure. Lower prediction confidence (56%) reflects the unpredictable nature of their recent performances, requiring careful session management. Race conditions favor their smooth approach, with tire preservation likely playing to their strengths in the latter stages of the stint."
Car #113,Telemetry - Braking Technique,"Excellent braking consistency with only 2.0% variation. This precision is a key strength, particularly effective in the technical infield section. Consider exploring 5-10m later braking points in Turn 7 to capitalize on this control for potential 0.1s gains."
Car #113,Telemetry - Throttle Application,"Throttle application shows 20.7% variation indicating aggressive on-off technique. While generating good rotation, this costs traction on corner exit. Smoother progressive application from 60% to 100% throttle could yield 0.12-0.18s per lap, especially beneficial in the high-speed sweeper complex."
Car #113,Telemetry - Speed Optimization,"Top speed of 139.0 km/h indicates potential aerodynamic or mechanical limitations. However, your strength in maintaining 128.6 km/h average suggests excellent technical driving. Consider setup adjustments to reduce drag for the main straight while preserving cornering performance."
Car #113,Telemetry - Sector Analysis,Sector analysis indicates strongest performance in the technical infield (S1) where precision driving pays dividends. The high-speed sweeper section (S2) shows moderate efficiency with opportunities for improved line optimization. The oval section (S3) demonstrates good straight-line speed but could benefit from optimized corner exit technique in Turn 14 for maximum main straight advantage.
Car #113,Comparative Analysis,"Performance gap of 9.460s to the fastest lap indicates significant improvement potential. Analysis suggests the largest gains available through technique refinement and setup optimization. Currently 15.591s faster than session average, demonstrating above-average pace and consistency. This performance level suggests strong race potential with proper strategic execution."
Car #16,AI Commentary,"Car #16 faces a 1.08s deficit to their optimal pace, likely influenced by mid-session conditions and their tendency to improves under competitive pressure. Our prediction engine shows exceptional confidence (79%) with 6/6 models in agreement, indicating highly predictable performance patterns. Race conditions favor their smooth approach, with tire preservation likely playing to their strengths in the latter stages of the stint."
Car #16,Telemetry - Braking Technique,"Excellent braking consistency with only 2.0% variation. This precision is a key strength, particularly effective in the technical infield section. Consider exploring 5-10m later braking points in Turn 7 to capitalize on this control for potential 0.1s gains."
Car #16,Telemetry - Throttle Application,Conservative throttle usage at 64.6% average suggests untapped performance potential. Your smooth style supports more aggressive application - target 70-75% average with earlier initial application for 0.15s improvement potential.
Car #16,Telemetry - Speed Optimization,"Top speed of 139.8 km/h indicates potential aerodynamic or mechanical limitations. However, your strength in maintaining 127.0 km/h average suggests excellent technical driving. Consider setup adjustments to reduce drag for the main straight while preserving cornering performance."
Car #16,Telemetry - Sector Analysis,Sector analysis indicates strongest performance in the technical infield (S1) where precision driving pays dividends. The high-speed sweeper section (S2) shows moderate efficiency with opportunities for improved line optimization. The oval section (S3) demonstrates good straight-line speed but could benefit from optimized corner exit technique in Turn 14 for maximum main straight advantage.
Car #16,Comparative Analysis,"Performance gap of 12.707s to the fastest lap indicates significant improvement potential. Analysis suggests the largest gains available through technique refinement and setup optimization. Currently 12.344s faster than session average, demonstrating above-average pace and consistency. This performance level suggests strong race potential with proper strategic execution."
Car #46,AI Commentary,"Car #46 faces a 1.23s deficit to their optimal pace, likely influenced by mid-session conditions and their tendency to improves under competitive pressure. Our prediction engine shows exceptional confidence (80%) with 6/6 models in agreement, indicating highly predictable performance patterns. Race conditions favor their smooth approach, with tire preservation likely playing to their strengths in the latter stages of the stint."
Car #46,Telemetry - Braking Technique,"Excellent braking consistency with only 2.0% variation. This precision is a key strength, particularly effective in the technical infield section. Consider exploring 5-10m later braking points in Turn 7 to capitalize on this control for potential 0.1s gains."
Car #46,Telemetry - Throttle Application,Well-balanced throttle technique with 66.5% average application and 0.0% time at full throttle. Fine-tuning opportunity exists in the transition zones - focus on eliminating brief lifts in the sweeper sections for marginal gains.
Car #46,Telemetry - Speed Optimization,"Top speed of 139.6 km/h indicates potential aerodynamic or mechanical limitations. However, your strength in maintaining 130.7 km/h average suggests excellent technical driving. Consider setup adjustments to reduce drag for the main straight while preserving cornering performance."
Car #46,Telemetry - Sector Analysis,Sector analysis indicates strongest performance in the technical infield (S1) where precision driving pays dividends. The high-speed sweeper section (S2) shows moderate efficiency with opportunities for improved line optimization. The oval section (S3) demonstrates good straight-line speed but could benefit from optimized corner exit technique in Turn 14 for maximum main straight advantage.
Car #46,Comparative Analysis,"Performance gap of 12.844s to the fastest lap indicates significant improvement potential. Analysis suggests the largest gains available through technique refinement and setup optimization. Currently 12.207s faster than session average, demonstrating above-average pace and consistency. This performance level suggests strong race potential with proper strategic execution."
Car #21,AI Commentary,"Car #21 faces a 1.35s deficit to their optimal pace, likely influenced by mid-session conditions and their tendency to improves under competitive pressure. Our prediction engine shows exceptional confidence (79%) with 6/6 models in agreement, indicating highly predictable performance patterns. Race conditions favor their smooth approach, with tire preservation likely playing to their strengths in the latter stages of the stint."
Car #21,Telemetry - Braking Technique,"Excellent braking consistency with only 2.3% variation. This precision is a key strength, particularly effective in the technical infield section. Consider exploring 5-10m later braking points in Turn 7 to capitalize on this control for potential 0.1s gains."
Car #21,Telemetry - Throttle Application,Well-balanced throttle technique with 66.1% average application and 0.0% time at full throttle. Fine-tuning opportunity exists in the transition zones - focus on eliminating brief lifts in the sweeper sections for marginal gains.
Car #21,Telemetry - Speed Optimization,"Top speed of 138.9 km/h indicates potential aerodynamic or mechanical limitations. However, your strength in maintaining 128.6 km/h average suggests excellent technical driving. Consider setup adjustments to reduce drag for the main straight while preserving cornering performance."
Car #21,Telemetry - Sector Analysis,Sector analysis indicates strongest performance in the technical infield (S1) where precision driving pays dividends. The high-speed sweeper section (S2) shows moderate efficiency with opportunities for improved line optimization. The oval section (S3) demonstrates good straight-line speed but could benefit from optimized corner exit technique in Turn 14 for maximum main straight advantage.
Car #21,Comparative Analysis,"Performance gap of 13.261s to the fastest lap indicates significant improvement potential. Analysis suggests the largest gains available through technique refinement and setup optimization. Currently 11.790s faster than session average, demonstrating above-average pace and consistency. This performance level suggests strong race potential with proper strategic execution."
Car #89,AI Commentary,"Car #89 faces a 0.87s deficit to their optimal pace, likely influenced by mid-session conditions and their tendency to degrades under competitive pressure. Our prediction engine shows exceptional confidence (78%) with 6/6 models in agreement, indicating highly predictable performance patterns. Race conditions favor their smooth approach, with tire preservation likely playing to their strengths in the latter stages of the stint."
Car #89,Telemetry - Braking Technique,"Excellent braking consistency with only 2.0% variation. This precision is a key strength, particularly effective in the technical infield section. Consider exploring 5-10m later braking points in Turn 7 to capitalize on this control for potential 0.1s gains."
Car #89,Telemetry - Throttle Application,Well-balanced throttle technique with 65.1% average application and 0.0% time at full throttle. Fine-tuning opportunity exists in the transition zones - focus on eliminating brief lifts in the sweeper sections for marginal gains.
Car #89,Telemetry - Speed Optimization,"Top speed of 138.5 km/h indicates potential aerodynamic or mechanical limitations. However, your strength in maintaining 127.9 km/h average suggests excellent technical driving. Consider setup adjustments to reduce drag for the main straight while preserving cornering performance."
Car #89,Telemetry - Sector Analysis,Sector analysis indicates strongest performance in the technical infield (S1) where precision driving pays dividends. The high-speed sweeper section (S2) shows moderate efficiency with opportunities for improved line optimization. The oval section (S3) demonstrates good straight-line speed but could benefit from optimized corner exit technique in Turn 14 for maximum main straight advantage.
Car #89,Comparative Analysis,"Performance gap of 13.756s to the fastest lap indicates significant improvement potential. Analysis suggests the largest gains available through technique refinement and setup optimization. Currently 11.295s faster than session average, demonstrating above-average pace and consistency. This performance level suggests strong race potential with proper strategic execution."
Car #88,AI Commentary,"Car #88 faces a 1.63s deficit to their optimal pace, likely influenced by mid-session conditions and their tendency to improves under competitive pressure. Our prediction engine shows exceptional confidence (79%) with 6/6 models in agreement, indicating highly predictable performance patterns. Race conditions favor their smooth approach, with tire preservation likely playing to their strengths in the latter stages of the stint."
Car #88,Telemetry - Braking Technique,"Excellent braking consistency with only 1.7% variation. This precision is a key strength, particularly effective in the technical infield section. Consider exploring 5-10m later braking points in Turn 7 to capitalize on this control for potential 0.1s gains."
Car #88,Telemetry - Throttle Application,Well-balanced throttle technique with 67.5% average application and 0.0% time at full throttle. Fine-tuning opportunity exists in the transition zones - focus on eliminating brief lifts in the sweeper sections for marginal gains.
Car #88,Telemetry - Speed Optimization,"Top speed of 138.9 km/h indicates potential aerodynamic or mechanical limitations. However, your strength in maintaining 128.4 km/h average suggests excellent technical driving. Consider setup adjustments to reduce drag for the main straight while preserving cornering performance."
Car #88,Telemetry - Sector Analysis,Sector analysis indicates strongest performance in the technical infield (S1) where precision driving pays dividends. The high-speed sweeper section (S2) shows moderate efficiency with opportunities for improved line optimization. The oval section (S3) demonstrates good straight-line speed but could benefit from optimized corner exit technique in Turn 14 for maximum main straight advantage.
Car #88,Comparative Analysis,"Performance gap of 13.011s to the fastest lap indicates significant improvement potential. Analysis suggests the largest gains available through technique refinement and setup optimization. Currently 12.040s faster than session average, demonstrating above-average pace and consistency. This performance level suggests strong race potential with proper strategic execution."
Car #2,AI Commentary,"Car #2 faces a 0.76s deficit to their optimal pace, likely influenced by mid-session conditions and their tendency to improves under competitive pressure. Moderate prediction confidence (61%) suggests some variability in performance, typical for drivers with smooth characteristics. Race conditions favor their smooth approach, with tire preservation likely playing to their strengths in the latter stages of the stint."
Car #2,Telemetry - Braking Technique,"Excellent braking consistency with only 2.4% variation. This precision is a key strength, particularly effective in the technical infield section. Consider exploring 5-10m later braking points in Turn 7 to capitalize on this control for potential 0.1s gains."
Car #2,Telemetry - Throttle Application,"Throttle application shows 21.0% variation indicating aggressive on-off technique. While generating good rotation, this costs traction on corner exit. Smoother progressive application from 60% to 100% throttle could yield 0.12-0.18s per lap, especially beneficial in the high-speed sweeper complex."
Car #2,Telemetry - Speed Optimization,"Top speed of 138.0 km/h indicates potential aerodynamic or mechanical limitations. However, your strength in maintaining 126.1 km/h average suggests excellent technical driving. Consider setup adjustments to reduce drag for the main straight while preserving cornering performance."
Car #2,Telemetry - Sector Analysis,Sector analysis indicates strongest performance in the technical infield (S1) where precision driving pays dividends. The high-speed sweeper section (S2) shows moderate efficiency with opportunities for improved line optimization. The oval section (S3) demonstrates good straight-line speed but could benefit from optimized corner exit technique in Turn 14 for maximum main straight advantage.
Car #2,Comparative Analysis,"Performance gap of 13.984s to the fastest lap indicates significant improvement potential. Analysis suggests the largest gains available through technique refinement and setup optimization. Currently 11.067s faster than session average, demonstrating above-average pace and consistency. This performance level suggests strong race potential with proper strategic execution."
Car #55,AI Commentary,"Car #55 faces a 4.30s deficit to their optimal pace, likely influenced by mid-session conditions and their tendency to improves under competitive pressure. Our prediction engine shows exceptional confidence (80%) with 6/6 models in agreement, indicating highly predictable performance patterns. Race conditions favor their smooth approach, with tire preservation likely playing to their strengths in the latter stages of the stint."
Car #55,Telemetry - Braking Technique,"Excellent braking consistency with only 1.8% variation. This precision is a key strength, particularly effective in the technical infield section. Consider exploring 5-10m later braking points in Turn 7 to capitalize on this control for potential 0.1s gains."
Car #55,Telemetry - Throttle Application,"Throttle application shows 22.5% variation indicating aggressive on-off technique. While generating good rotation, this costs traction on corner exit. Smoother progressive application from 60% to 100% throttle could yield 0.12-0.18s per lap, especially beneficial in the high-speed sweeper complex."
Car #55,Telemetry - Speed Optimization,"Top speed of 140.1 km/h indicates potential aerodynamic or mechanical limitations. However, your strength in maintaining 126.3 km/h average suggests excellent technical driving. Consider setup adjustments to reduce drag for the main straight while preserving cornering performance."
Car #55,Telemetry - Sector Analysis,Sector analysis indicates strongest performance in the technical infield (S1) where precision driving pays dividends. The high-speed sweeper section (S2) shows moderate efficiency with opportunities for improved line optimization. The oval section (S3) demonstrates good straight-line speed but could benefit from optimized corner exit technique in Turn 14 for maximum main straight advantage.
Car #55,Comparative Analysis,"Performance gap of 10.675s to the fastest lap indicates significant improvement potential. Analysis suggests the largest gains available through technique refinement and setup optimization. Currently 14.376s faster than session average, demonstrating above-average pace and consistency. This performance level suggests strong race potential with proper strategic execution."
Car #93,AI Commentary,"Car #93 faces a 0.43s deficit to their optimal pace, likely influenced by mid-session conditions and their tendency to improves under competitive pressure. Moderate prediction confidence (68%) suggests some variability in performance, typical for drivers with smooth characteristics. Race conditions favor their smooth approach, with tire preservation likely playing to their strengths in the latter stages of the stint."
Car #93,Telemetry - Braking Technique,"Excellent braking consistency with only 2.1% variation. This precision is a key strength, particularly effective in the technical infield section. Consider exploring 5-10m later braking points in Turn 7 to capitalize on this control for potential 0.1s gains."
Car #93,Telemetry - Throttle Application,Well-balanced throttle technique with 65.4% average application and 0.0% time at full throttle. Fine-tuning opportunity exists in the transition zones - focus on eliminating brief lifts in the sweeper sections for marginal gains.
Car #93,Telemetry - Speed Optimization,"Top speed of 137.5 km/h indicates potential aerodynamic or mechanical limitations. However, your strength in maintaining 127.6 km/h average suggests excellent technical driving. Consider setup adjustments to reduce drag for the main straight while preserving cornering performance."
Car #93,Telemetry - Sector Analysis,Sector analysis indicates strongest performance in the technical infield (S1) where precision driving pays dividends. The high-speed sweeper section (S2) shows moderate efficiency with opportunities for improved line optimization. The oval section (S3) demonstrates good straight-line speed but could benefit from optimized corner exit technique in Turn 14 for maximum main straight advantage.
Car #93,Comparative Analysis,"Performance gap of 14.642s to the fastest lap indicates significant improvement potential. Analysis suggests the largest gains available through technique refinement and setup optimization. Currently 10.409s faster than session average, demonstrating above-average pace and consistency. This performance level suggests strong race potential with proper strategic execution."
Car #5,AI Commentary,"Car #5 faces a 1.60s deficit to their optimal pace, likely influenced by mid-session conditions and their tendency to improves under competitive pressure. Our prediction engine shows exceptional confidence (95%) with 6/6 models in agreement, indicating highly predictable performance patterns. Race conditions favor their smooth approach, with tire preservation likely playing to their strengths in the latter stages of the stint."
Car #5,Telemetry - Braking Technique,"Excellent braking consistency with only 1.8% variation. This precision is a key strength, particularly effective in the technical infield section. Consider exploring 5-10m later braking points in Turn 7 to capitalize on this control for potential 0.1s gains."
Car #5,Telemetry - Throttle Application,Well-balanced throttle technique with 67.1% average application and 0.0% time at full throttle. Fine-tuning opportunity exists in the transition zones - focus on eliminating brief lifts in the sweeper sections for marginal gains.
Car #5,Telemetry - Speed Optimization,"Top speed of 138.9 km/h indicates potential aerodynamic or mechanical limitations. However, your strength in maintaining 129.4 km/h average suggests excellent technical driving. Consider setup adjustments to reduce drag for the main straight while preserving cornering performance."
Car #5,Telemetry - Sector Analysis,Sector analysis indicates strongest performance in the technical infield (S1) where precision driving pays dividends. The high-speed sweeper section (S2) shows moderate efficiency with opportunities for improved line optimization. The oval section (S3) demonstrates good straight-line speed but could benefit from optimized corner exit technique in Turn 14 for maximum main straight advantage.
Car #5,Comparative Analysis,"Performance gap of 13.548s to the fastest lap indicates significant improvement potential. Analysis suggests the largest gains available through technique refinement and setup optimization. Currently 11.503s faster than session average, demonstrating above-average pace and consistency. This performance level suggests strong race potential with proper strategic execution."
Car #3,AI Commentary,"Car #3 faces a 0.78s deficit to their optimal pace, likely influenced by mid-session conditions and their tendency to improves under competitive pressure. Our prediction engine shows exceptional confidence (80%) with 6/6 models in agreement, indicating highly predictable performance patterns. Race conditions favor their smooth approach, with tire preservation likely playing to their strengths in the latter stages of the stint."
Car #3,Telemetry - Braking Technique,"Excellent braking consistency with only 2.0% variation. This precision is a key strength, particularly effective in the technical infield section. Consider exploring 5-10m later braking points in Turn 7 to capitalize on this control for potential 0.1s gains."
Car #3,Telemetry - Throttle Application,Well-balanced throttle technique with 69.1% average application and 0.0% time at full throttle. Fine-tuning opportunity exists in the transition zones - focus on eliminating brief lifts in the sweeper sections for marginal gains.
Car #3,Telemetry - Speed Optimization,"Top speed of 137.3 km/h indicates potential aerodynamic or mechanical limitations. However, your strength in maintaining 129.8 km/h average suggests excellent technical driving. Consider setup adjustments to reduce drag for the main straight while preserving cornering performance."
Car #3,Telemetry - Sector Analysis,Sector analysis indicates strongest performance in the technical infield (S1) where precision driving pays dividends. The high-speed sweeper section (S2) shows moderate efficiency with opportunities for improved line optimization. The oval section (S3) demonstrates good straight-line speed but could benefit from optimized corner exit technique in Turn 14 for maximum main straight advantage.
Car #3,Comparative Analysis,"Performance gap of 14.971s to the fastest lap indicates significant improvement potential. Analysis suggests the largest gains available through technique refinement and setup optimization. Currently 10.080s faster than session average, demonstrating above-average pace and consistency. This performance level suggests strong race potential with proper strategic execution."
Car #18,AI Commentary,"Car #18 faces a 1.47s deficit to their optimal pace, likely influenced by mid-session conditions and their tendency to improves under competitive pressure. Our prediction engine shows exceptional confidence (78%) with 6/6 models in agreement, indicating highly predictable performance patterns. Race conditions favor their smooth approach, with tire preservation likely playing to their strengths in the latter stages of the stint."
Car #18,Telemetry - Braking Technique,"Excellent braking consistency with only 1.6% variation. This precision is a key strength, particularly effective in the technical infield section. Consider exploring 5-10m later braking points in Turn 7 to capitalize on this control for potential 0.1s gains."
Car #18,Telemetry - Throttle Application,Conservative throttle usage at 64.9% average suggests untapped performance potential. Your smooth style supports more aggressive application - target 70-75% average with earlier initial application for 0.15s improvement potential.
Car #18,Telemetry - Speed Optimization,"Top speed of 137.6 km/h indicates potential aerodynamic or mechanical limitations. However, your strength in maintaining 128.2 km/h average suggests excellent technical driving. Consider setup adjustments to reduce drag for the main straight while preserving cornering performance."
Car #18,Telemetry - Sector Analysis,Sector analysis indicates strongest performance in the technical infield (S1) where precision driving pays dividends. The high-speed sweeper section (S2) shows moderate efficiency with opportunities for improved line optimization. The oval section (S3) demonstrates good straight-line speed but could benefit from optimized corner exit technique in Turn 14 for maximum main straight advantage.
Car #18,Comparative Analysis,"Performance gap of 14.473s to the fastest lap indicates significant improvement potential. Analysis suggests the largest gains available through technique refinement and setup optimization. Currently 10.578s faster than session average, demonstrating above-average pace and consistency. This performance level suggests strong race potential with proper strategic execution."
Car #8,AI Commentary,"Car #8 faces a 0.64s deficit to their optimal pace, likely influenced by mid-session conditions and their tendency to improves under competitive pressure. Our prediction engine shows exceptional confidence (76%) with 6/6 models in agreement, indicating highly predictable performance patterns. Race conditions favor their smooth approach, with tire preservation likely playing to their strengths in the latter stages of the stint."
Car #8,Telemetry - Braking Technique,"Excellent braking consistency with only 1.5% variation. This precision is a key strength, particularly effective in the technical infield section. Consider exploring 5-10m later braking points in Turn 7 to capitalize on this control for potential 0.1s gains."
Car #8,Telemetry - Throttle Application,Well-balanced throttle technique with 66.9% average application and 0.0% time at full throttle. Fine-tuning opportunity exists in the transition zones - focus on eliminating brief lifts in the sweeper sections for marginal gains.
Car #8,Telemetry - Speed Optimization,"Top speed of 135.4 km/h indicates potential aerodynamic or mechanical limitations. However, your strength in maintaining 126.8 km/h average suggests excellent technical driving. Consider setup adjustments to reduce drag for the main straight while preserving cornering performance."
Car #8,Telemetry - Sector Analysis,Sector analysis indicates strongest performance in the technical infield (S1) where precision driving pays dividends. The high-speed sweeper section (S2) shows moderate efficiency with opportunities for improved line optimization. The oval section (S3) demonstrates good straight-line speed but could benefit from optimized corner exit technique in Turn 14 for maximum main straight advantage.
Car #8,Comparative Analysis,"Performance gap of 16.242s to the fastest lap indicates significant improvement potential. Analysis suggests the largest gains available through technique refinement and setup optimization. Currently 8.809s faster than session average, demonstrating above-average pace and consistency. This performance level suggests strong race potential with proper strategic execution."
Car #57,AI Commentary,"Car #57 faces a 2.81s deficit to their optimal pace, likely influenced by mid-session conditions and their tendency to improves under competitive pressure. Lower prediction confidence (33%) reflects the unpredictable nature of their recent performances, requiring careful session management. Race conditions favor their smooth approach, with tire preservation likely playing to their strengths in the latter stages of the stint."
Car #57,Telemetry - Braking Technique,"Excellent braking consistency with only 1.7% variation. This precision is a key strength, particularly effective in the technical infield section. Consider exploring 5-10m later braking points in Turn 7 to capitalize on this control for potential 0.1s gains."
Car #57,Telemetry - Throttle Application,Conservative throttle usage at 58.8% average suggests untapped performance potential. Your smooth style supports more aggressive application - target 70-75% average with earlier initial application for 0.15s improvement potential.
Car #57,Telemetry - Speed Optimization,"Top speed of 136.0 km/h indicates potential aerodynamic or mechanical limitations. However, your strength in maintaining 121.9 km/h average suggests excellent technical driving. Consider setup adjustments to reduce drag for the main straight while preserving cornering performance."
Car #57,Telemetry - Sector Analysis,Sector analysis indicates strongest performance in the technical infield (S1) where precision driving pays dividends. The high-speed sweeper section (S2) shows moderate efficiency with opportunities for improved line optimization. The oval section (S3) demonstrates good straight-line speed but could benefit from optimized corner exit technique in Turn 14 for maximum main straight advantage.
Car #57,Comparative Analysis,"Performance gap of 16.071s to the fastest lap indicates significant improvement potential. Analysis suggests the largest gains available through technique refinement and setup optimization. Currently 8.980s faster than session average, demonstrating above-average pace and consistency. This performance level suggests strong race potential with proper strategic execution."
Car #0,AI Commentary,"Car #0 faces a 53.17s deficit to their optimal pace, likely influenced by mid-session conditions and their tendency to improves under competitive pressure. Our prediction engine shows exceptional confidence (76%) with 5/6 models in agreement, indicating highly predictable performance patterns. Race conditions favor their smooth approach, with tire preservation likely playing to their strengths in the latter stages of the stint."
Car #0,Telemetry - Braking Technique,"Excellent braking consistency with only 2.8% variation. This precision is a key strength, particularly effective in the technical infield section. Consider exploring 5-10m later braking points in Turn 7 to capitalize on this control for potential 0.1s gains."
Car #0,Telemetry - Throttle Application,"Throttle application shows 21.5% variation indicating aggressive on-off technique. While generating good rotation, this costs traction on corner exit. Smoother progressive application from 60% to 100% throttle could yield 0.12-0.18s per lap, especially beneficial in the high-speed sweeper complex."
Car #0,Telemetry - Speed Optimization,"Top speed of 139.3 km/h indicates potential aerodynamic or mechanical limitations. However, your strength in maintaining 126.8 km/h average suggests excellent technical driving. Consider setup adjustments to reduce drag for the main straight while preserving cornering performance."
Car #0,Telemetry - Sector Analysis,Sector analysis indicates strongest performance in the technical infield (S1) where precision driving pays dividends. The high-speed sweeper section (S2) shows moderate efficiency with opportunities for improved line optimization. The oval section (S3) demonstrates good straight-line speed but could benefit from optimized corner exit technique in Turn 14 for maximum main straight advantage.
Car #0,Comparative Analysis,"Performance gap of 12.958s to the fastest lap indicates significant improvement potential. Analysis suggests the largest gains available through technique refinement and setup optimization. Currently 12.093s faster than session average, demonstrating above-average pace and consistency. This performance level suggests strong race potential with proper strategic execution."
Car #80,AI Commentary,"Car #80 faces a 52.68s deficit to their optimal pace, likely influenced by mid-session conditions and their tendency to improves under competitive pressure. Moderate prediction confidence (67%) suggests some variability in performance, typical for drivers with smooth characteristics. Race conditions favor their smooth approach, with tire preservation likely playing to their strengths in the latter stages of the stint."
Car #80,Telemetry - Braking Technique,"Excellent braking consistency with only 1.8% variation. This precision is a key strength, particularly effective in the technical infield section. Consider exploring 5-10m later braking points in Turn 7 to capitalize on this control for potential 0.1s gains."
Car #80,Telemetry - Throttle Application,Conservative throttle usage at 62.2% average suggests untapped performance potential. Your smooth style supports more aggressive application - target 70-75% average with earlier initial application for 0.15s improvement potential.
Car #80,Telemetry - Speed Optimization,"Top speed of 138.1 km/h indicates potential aerodynamic or mechanical limitations. However, your strength in maintaining 124.8 km/h average suggests excellent technical driving. Consider setup adjustments to reduce drag for the main straight while preserving cornering performance."
Car #80,Telemetry - Sector Analysis,Sector analysis indicates strongest performance in the technical infield (S1) where precision driving pays dividends. The high-speed sweeper section (S2) shows moderate efficiency with opportunities for improved line optimization. The oval section (S3) demonstrates good straight-line speed but could benefit from optimized corner exit technique in Turn 14 for maximum main straight advantage.
Car #80,Comparative Analysis,"Performance gap of 14.504s to the fastest lap indicates significant improvement potential. Analysis suggests the largest gains available through technique refinement and setup optimization. Currently 10.547s faster than session average, demonstrating above-average pace and consistency. This performance level suggests strong race potential with proper strategic execution."
